GameID,GameDate,AwayTeamID,HomeTeamID,VenueID
565895,2019-03-28T17:05:00Z,121,120,3309
567456,2019-03-28T17:05:00Z,110,147,3313
567552,2019-03-28T18:10:00Z,138,158,32
567059,2019-03-28T19:05:00Z,144,143,2681
566864,2019-03-28T19:37:00Z,116,141,14
566664,2019-03-28T20:00:00Z,117,139,12
566763,2019-03-28T20:05:00Z,112,140,13
566086,2019-03-28T20:07:00Z,108,133,10
565220,2019-03-28T20:10:00Z,134,113,2602
567359,2019-03-28T20:10:00Z,115,146,4169
566962,2019-03-28T20:10:00Z,114,142,3312
566275,2019-03-28T20:10:00Z,137,135,2680
565799,2019-03-28T20:10:00Z,109,119,22
565702,2019-03-28T20:15:00Z,145,118,7
566372,2019-03-28T23:10:00Z,111,136,680
566865,2019-03-29T23:07:00Z,116,141,14
567360,2019-03-29T23:10:00Z,115,146,4169
566665,2019-03-29T23:10:00Z,117,139,12
567553,2019-03-30T00:10:00Z,138,158,32
566087,2019-03-30T02:07:00Z,108,133,10
566373,2019-03-30T02:10:00Z,111,136,680
566276,2019-03-30T02:10:00Z,137,135,2680
565800,2019-03-30T02:10:00Z,109,119,22
565896,2019-03-30T17:05:00Z,121,120,3309
567457,2019-03-30T17:05:00Z,110,147,3313
565221,2019-03-30T18:10:00Z,134,113,2602
566963,2019-03-30T18:10:00Z,114,142,3312
565703,2019-03-30T18:15:00Z,145,118,7
566866,2019-03-30T19:07:00Z,116,141,14
567060,2019-03-30T20:05:00Z,144,143,2681
567361,2019-03-30T22:10:00Z,115,146,4169
566666,2019-03-30T22:10:00Z,117,139,12
567554,2019-03-30T23:10:00Z,138,158,32
566764,2019-03-31T00:05:00Z,112,140,13
566277,2019-03-31T00:40:00Z,137,135,2680
566088,2019-03-31T01:07:00Z,108,133,10
566374,2019-03-31T01:10:00Z,111,136,680
565801,2019-03-31T01:10:00Z,109,119,22
567458,2019-03-31T17:05:00Z,110,147,3313
566867,2019-03-31T17:07:00Z,116,141,14
565222,2019-03-31T17:10:00Z,134,113,2602
567362,2019-03-31T17:10:00Z,115,146,4169
566667,2019-03-31T17:10:00Z,117,139,12
565897,2019-03-31T17:35:00Z,121,120,3309
566964,2019-03-31T18:10:00Z,114,142,3312
567555,2019-03-31T18:10:00Z,138,158,32
565704,2019-03-31T18:15:00Z,145,118,7
566765,2019-03-31T20:05:00Z,112,140,13
566089,2019-03-31T20:07:00Z,108,133,10
566375,2019-03-31T20:10:00Z,111,136,680
566278,2019-03-31T20:10:00Z,137,135,2680
565802,2019-03-31T20:10:00Z,109,119,22
567061,2019-03-31T23:05:00Z,144,143,2681
566180,2019-04-01T17:05:00Z,138,134,31
565316,2019-04-01T20:10:00Z,145,114,5
567459,2019-04-01T22:35:00Z,116,147,3313
565223,2019-04-01T22:40:00Z,158,113,2602
566868,2019-04-01T23:07:00Z,110,141,14
567363,2019-04-01T23:10:00Z,121,146,4169
566668,2019-04-01T23:10:00Z,115,139,12
567157,2019-04-01T23:10:00Z,112,144,4705
566766,2019-04-02T00:05:00Z,117,140,13
566090,2019-04-02T02:07:00Z,111,133,10
566376,2019-04-02T02:10:00Z,108,136,680
566279,2019-04-02T02:10:00Z,109,135,2680
565803,2019-04-02T02:10:00Z,137,119,22
567460,2019-04-02T22:35:00Z,116,147,3313
565224,2019-04-02T22:40:00Z,158,113,2602
565898,2019-04-02T23:05:00Z,143,120,3309
566869,2019-04-02T23:07:00Z,110,141,14
567364,2019-04-02T23:10:00Z,121,146,4169
566669,2019-04-02T23:10:00Z,115,139,12
566767,2019-04-03T00:05:00Z,117,140,13
565705,2019-04-03T00:15:00Z,142,118,7
566091,2019-04-03T02:07:00Z,111,133,10
566377,2019-04-03T02:10:00Z,108,136,680
566280,2019-04-03T02:10:00Z,109,135,2680
565804,2019-04-03T02:10:00Z,137,119,22
565225,2019-04-03T16:35:00Z,158,113,2602
565899,2019-04-03T17:05:00Z,143,120,3309
566670,2019-04-03T17:10:00Z,115,139,12
565317,2019-04-03T17:10:00Z,145,114,5
565706,2019-04-03T17:15:00Z,142,118,7
566281,2019-04-03T19:40:00Z,109,135,2680
567461,2019-04-03T20:05:00Z,116,147,3313
566870,2019-04-03T20:07:00Z,110,141,14
567365,2019-04-03T22:10:00Z,121,146,4169
566181,2019-04-03T23:05:00Z,138,134,31
567158,2019-04-03T23:20:00Z,112,144,4705
566768,2019-04-04T00:05:00Z,117,140,13
566092,2019-04-04T02:07:00Z,111,133,10
565805,2019-04-04T02:10:00Z,137,119,22
565510,2019-04-04T17:10:00Z,118,116,2394
565990,2019-04-04T17:10:00Z,120,121,3289
567263,2019-04-04T18:10:00Z,136,145,4
564930,2019-04-04T19:05:00Z,147,110,2
566093,2019-04-04T19:37:00Z,111,133,10
566567,2019-04-04T20:15:00Z,135,138,2889
565318,2019-04-04T22:10:00Z,141,114,5
566182,2019-04-04T23:05:00Z,113,134,31
567159,2019-04-04T23:20:00Z,112,144,4705
564734,2019-04-05T02:07:00Z,140,108,1
567263,2019-04-05T18:10:00Z,136,145,4
565413,2019-04-05T20:10:00Z,119,115,19
566567,2019-04-05T20:15:00Z,135,138,2889
566471,2019-04-05T20:35:00Z,139,137,2395
566183,2019-04-05T23:05:00Z,113,134,31
567062,2019-04-05T23:05:00Z,142,143,2681
565319,2019-04-05T23:10:00Z,141,114,5
564833,2019-04-05T23:10:00Z,111,109,15
567160,2019-04-05T23:20:00Z,146,144,4705
567556,2019-04-06T00:10:00Z,112,158,32
565606,2019-04-06T00:10:00Z,133,117,2392
564735,2019-04-06T02:07:00Z,140,108,1
565511,2019-04-06T17:10:00Z,118,116,2394
565991,2019-04-06T17:10:00Z,120,121,3289
566184,2019-04-06T17:35:00Z,113,134,31
567063,2019-04-06T18:05:00Z,142,143,2681
567264,2019-04-06T18:10:00Z,136,145,4
566568,2019-04-06T18:15:00Z,135,138,2889
564736,2019-04-06T20:05:00Z,140,108,1
566472,2019-04-06T20:05:00Z,139,137,2395
565320,2019-04-06T20:10:00Z,141,114,5
564931,2019-04-06T23:05:00Z,147,110,2
567557,2019-04-06T23:10:00Z,112,158,32
565607,2019-04-06T23:10:00Z,133,117,2392
567161,2019-04-06T23:20:00Z,146,144,4705
564834,2019-04-07T00:10:00Z,111,109,15
565414,2019-04-07T00:10:00Z,119,115,19
564932,2019-04-07T17:05:00Z,147,110,2
567064,2019-04-07T17:05:00Z,142,143,2681
565512,2019-04-07T17:10:00Z,118,116,2394
565321,2019-04-07T17:10:00Z,141,114,5
565992,2019-04-07T17:10:00Z,120,121,3289
567162,2019-04-07T17:20:00Z,146,144,4705
566185,2019-04-07T17:35:00Z,113,134,31
567265,2019-04-07T18:10:00Z,136,145,4
567558,2019-04-07T18:10:00Z,112,158,32
565608,2019-04-07T18:10:00Z,133,117,2392
566569,2019-04-07T18:15:00Z,135,138,2889
566473,2019-04-07T20:05:00Z,139,137,2395
564737,2019-04-07T20:07:00Z,140,108,1
564835,2019-04-07T20:10:00Z,111,109,15
565415,2019-04-08T00:37:00Z,119,115,19
567266,2019-04-08T18:10:00Z,139,145,4
565124,2019-04-08T18:20:00Z,134,112,17
564933,2019-04-08T23:05:00Z,133,110,2
567065,2019-04-08T23:05:00Z,120,143,2681
565609,2019-04-08T23:10:00Z,147,117,2392
566570,2019-04-08T23:45:00Z,119,138,2889
565707,2019-04-09T00:15:00Z,136,118,7
565416,2019-04-09T00:40:00Z,144,115,19
566474,2019-04-09T01:45:00Z,135,137,2395
564738,2019-04-09T02:07:00Z,158,108,1
565513,2019-04-09T17:10:00Z,114,116,2394
565027,2019-04-09T18:05:00Z,141,111,3
567267,2019-04-09T18:10:00Z,139,145,4
565226,2019-04-09T22:40:00Z,146,113,2602
564934,2019-04-09T23:05:00Z,133,110,2
567066,2019-04-09T23:05:00Z,120,143,2681
565993,2019-04-09T23:10:00Z,142,121,3289
566571,2019-04-09T23:45:00Z,119,138,2889
565610,2019-04-10T00:10:00Z,147,117,2392
565708,2019-04-10T00:15:00Z,136,118,7
565417,2019-04-10T00:40:00Z,144,115,19
564836,2019-04-10T01:40:00Z,140,109,15
566475,2019-04-10T01:45:00Z,135,137,2395
564739,2019-04-10T02:07:00Z,158,108,1
565514,2019-04-10T17:10:00Z,114,116,2394
567268,2019-04-10T18:10:00Z,139,145,4
565418,2019-04-10T19:10:00Z,144,115,19
566476,2019-04-10T19:45:00Z,135,137,2395
565227,2019-04-10T22:40:00Z,146,113,2602
564935,2019-04-10T23:05:00Z,133,110,2
567067,2019-04-10T23:05:00Z,120,143,2681
565994,2019-04-10T23:10:00Z,142,121,3289
565611,2019-04-10T23:40:00Z,147,117,2392
566572,2019-04-10T23:45:00Z,119,138,2889
565125,2019-04-11T00:05:00Z,134,112,17
565709,2019-04-11T00:15:00Z,136,118,7
564837,2019-04-11T01:40:00Z,140,109,15
564740,2019-04-11T02:07:00Z,158,108,1
565228,2019-04-11T16:35:00Z,146,113,2602
564936,2019-04-11T16:35:00Z,133,110,2
565515,2019-04-11T17:10:00Z,114,116,2394
565710,2019-04-11T17:15:00Z,136,118,7
566573,2019-04-11T17:15:00Z,119,138,2889
565028,2019-04-11T23:10:00Z,141,111,3
567163,2019-04-11T23:20:00Z,121,144,4705
565126,2019-04-11T23:35:00Z,134,112,17
564838,2019-04-12T01:40:00Z,135,109,15
566477,2019-04-12T01:45:00Z,115,137,2395
565127,2019-04-12T18:20:00Z,108,112,17
565900,2019-04-12T23:05:00Z,134,120,3309
567462,2019-04-12T23:05:00Z,145,147,3313
566871,2019-04-12T23:07:00Z,139,141,14
565029,2019-04-12T23:10:00Z,110,111,3
567366,2019-04-12T23:10:00Z,143,146,4169
567164,2019-04-12T23:20:00Z,121,144,4705
566769,2019-04-13T00:05:00Z,133,140,13
566965,2019-04-13T00:10:00Z,116,142,3312
565711,2019-04-13T00:15:00Z,114,118,7
564839,2019-04-13T01:40:00Z,135,109,15
566378,2019-04-13T02:10:00Z,117,136,680
565806,2019-04-13T02:10:00Z,158,119,22
566478,2019-04-13T02:15:00Z,115,137,2395
565030,2019-04-13T17:05:00Z,110,111,3
567463,2019-04-13T17:05:00Z,145,147,3313
566966,2019-04-13T18:10:00Z,116,142,3312
565128,2019-04-13T18:20:00Z,108,112,17
566872,2019-04-13T19:07:00Z,139,141,14
565901,2019-04-13T20:05:00Z,134,120,3309
566479,2019-04-13T20:05:00Z,115,137,2395
567367,2019-04-13T22:10:00Z,143,146,4169
565229,2019-04-13T23:10:00Z,138,113,2701
565712,2019-04-13T23:15:00Z,114,118,7
567165,2019-04-13T23:20:00Z,121,144,4705
566770,2019-04-14T00:05:00Z,133,140,13
564840,2019-04-14T00:10:00Z,135,109,15
566379,2019-04-14T01:10:00Z,117,136,680
565807,2019-04-14T01:10:00Z,158,119,22
565031,2019-04-14T17:05:00Z,110,111,3
567464,2019-04-14T17:05:00Z,145,147,3313
566873,2019-04-14T17:07:00Z,139,141,14
567368,2019-04-14T17:10:00Z,143,146,4169
565902,2019-04-14T17:35:00Z,134,120,3309
566967,2019-04-14T18:10:00Z,116,142,3312
565713,2019-04-14T18:15:00Z,114,118,7
565129,2019-04-14T18:20:00Z,108,112,17
566771,2019-04-14T19:05:00Z,133,140,13
566480,2019-04-14T20:05:00Z,115,137,2395
564841,2019-04-14T20:10:00Z,135,109,15
566380,2019-04-14T20:10:00Z,117,136,680
565230,2019-04-14T20:10:00Z,138,113,2701
565808,2019-04-14T20:10:00Z,158,119,22
567166,2019-04-14T23:05:00Z,121,144,4705
565032,2019-04-15T15:05:00Z,110,111,3
567068,2019-04-15T23:05:00Z,121,143,2681
567369,2019-04-15T23:10:00Z,112,146,4169
566968,2019-04-15T23:40:00Z,141,142,3312
567559,2019-04-15T23:40:00Z,138,158,32
566772,2019-04-16T00:05:00Z,108,140,13
567269,2019-04-16T00:10:00Z,118,145,4
566381,2019-04-16T02:10:00Z,114,136,680
565809,2019-04-16T02:10:00Z,113,119,22
566282,2019-04-16T02:10:00Z,115,135,2680
567465,2019-04-16T22:35:00Z,111,147,3313
565516,2019-04-16T22:40:00Z,134,116,2394
565903,2019-04-16T23:05:00Z,137,120,3309
567069,2019-04-16T23:05:00Z,121,143,2681
567370,2019-04-16T23:10:00Z,112,146,4169
566671,2019-04-16T23:10:00Z,110,139,12
567167,2019-04-16T23:20:00Z,109,144,4705
566969,2019-04-16T23:40:00Z,141,142,3312
567560,2019-04-16T23:40:00Z,138,158,32
566773,2019-04-17T00:05:00Z,108,140,13
567270,2019-04-17T00:10:00Z,118,145,4
566283,2019-04-17T01:10:00Z,115,135,2680
566094,2019-04-17T02:07:00Z,117,133,10
566382,2019-04-17T02:10:00Z,114,136,680
565810,2019-04-17T02:10:00Z,113,119,22
567070,2019-04-17T17:05:00Z,121,143,2681
567561,2019-04-17T17:40:00Z,138,158,32
567271,2019-04-17T18:10:00Z,118,145,4
565811,2019-04-17T19:10:00Z,113,119,22
567466,2019-04-17T22:35:00Z,111,147,3313
566383,2019-04-17T22:40:00Z,114,136,680
565517,2019-04-17T22:40:00Z,134,116,2394
565904,2019-04-17T23:05:00Z,137,120,3309
567371,2019-04-17T23:10:00Z,112,146,4169
566672,2019-04-17T23:10:00Z,110,139,12
567168,2019-04-17T23:20:00Z,109,144,4705
566970,2019-04-17T23:40:00Z,141,142,3312
566774,2019-04-18T00:05:00Z,108,140,13
566095,2019-04-18T02:07:00Z,117,133,10
567169,2019-04-18T16:10:00Z,109,144,4705
565905,2019-04-18T17:05:00Z,137,120,3309
565518,2019-04-18T17:10:00Z,145,116,2394
566971,2019-04-18T17:10:00Z,141,142,3312
567467,2019-04-18T22:35:00Z,118,147,3313
566673,2019-04-18T23:10:00Z,110,139,12
567562,2019-04-19T00:10:00Z,119,158,32
565419,2019-04-19T00:40:00Z,143,115,19
564741,2019-04-19T02:07:00Z,136,108,1
566284,2019-04-19T02:10:00Z,113,135,2680
565130,2019-04-19T18:20:00Z,109,112,17
566186,2019-04-19T23:05:00Z,137,134,31
567468,2019-04-19T23:05:00Z,118,147,3313
564937,2019-04-19T23:05:00Z,142,110,2
567372,2019-04-19T23:10:00Z,120,146,4169
566674,2019-04-19T23:10:00Z,111,139,12
565519,2019-04-19T23:10:00Z,145,116,2394
565322,2019-04-19T23:10:00Z,144,114,5
566775,2019-04-20T00:05:00Z,117,140,13
567563,2019-04-20T00:10:00Z,119,158,32
566574,2019-04-20T00:15:00Z,121,138,2889
565420,2019-04-20T00:40:00Z,143,115,19
564742,2019-04-20T02:07:00Z,136,108,1
566096,2019-04-20T02:07:00Z,141,133,10
566285,2019-04-20T02:10:00Z,113,135,2680
564938,2019-04-20T20:05:00Z,142,110,2
564937,2019-04-20T03:33:00Z,142,110,2
565323,2019-04-20T20:10:00Z,144,114,5
565322,2019-04-20T03:33:00Z,144,114,5
565520,2019-04-20T17:10:00Z,145,116,2394
567469,2019-04-20T17:05:00Z,118,147,3313
566575,2019-04-20T18:15:00Z,121,138,2889
565131,2019-04-20T18:20:00Z,109,112,17
566187,2019-04-20T20:05:00Z,137,134,31
566097,2019-04-20T20:07:00Z,141,133,10
567373,2019-04-20T22:10:00Z,120,146,4169
566675,2019-04-20T22:10:00Z,111,139,12
567564,2019-04-20T23:10:00Z,119,158,32
566776,2019-04-21T00:05:00Z,117,140,13
565421,2019-04-21T00:10:00Z,143,115,19
566286,2019-04-21T00:40:00Z,113,135,2680
564743,2019-04-21T01:07:00Z,136,108,1
567470,2019-04-21T17:05:00Z,118,147,3313
564939,2019-04-21T17:05:00Z,142,110,2
567374,2019-04-21T17:10:00Z,120,146,4169
565521,2019-04-21T17:10:00Z,145,116,2394
566188,2019-04-21T17:35:00Z,137,134,31
566676,2019-04-21T18:10:00Z,111,139,12
567565,2019-04-21T18:10:00Z,119,158,32
566576,2019-04-21T18:15:00Z,121,138,2889
565132,2019-04-21T18:20:00Z,109,112,17
566777,2019-04-21T19:05:00Z,117,140,13
565422,2019-04-21T19:10:00Z,143,115,19
564744,2019-04-21T20:07:00Z,136,108,1
566098,2019-04-21T20:07:00Z,141,133,10
566287,2019-04-21T20:10:00Z,113,135,2680
565324,2019-04-21T23:05:00Z,144,114,5
566189,2019-04-22T23:05:00Z,109,134,31
564940,2019-04-22T23:05:00Z,145,110,2
565033,2019-04-22T23:10:00Z,116,111,3
566677,2019-04-22T23:10:00Z,118,139,12
565995,2019-04-22T23:10:00Z,143,121,3289
566577,2019-04-22T23:45:00Z,158,138,2889
565612,2019-04-23T00:10:00Z,142,117,2392
565423,2019-04-23T00:40:00Z,120,115,19
564745,2019-04-23T02:07:00Z,147,108,1
566099,2019-04-23T02:07:00Z,140,133,10
565033,2019-04-23T17:10:00Z,116,111,3
565034,2019-04-23T23:10:00Z,116,111,3
565325,2019-04-23T22:10:00Z,146,114,5
565231,2019-04-23T22:40:00Z,144,113,2602
566190,2019-04-23T23:05:00Z,109,134,31
564941,2019-04-23T23:05:00Z,145,110,2
566874,2019-04-23T23:07:00Z,137,141,14
566678,2019-04-23T23:10:00Z,118,139,12
565996,2019-04-23T23:10:00Z,143,121,3289
566578,2019-04-23T23:45:00Z,158,138,2889
565133,2019-04-24T00:05:00Z,119,112,17
565613,2019-04-24T00:10:00Z,142,117,2392
565424,2019-04-24T00:40:00Z,120,115,19
564746,2019-04-24T02:07:00Z,147,108,1
566100,2019-04-24T02:07:00Z,140,133,10
566288,2019-04-24T02:10:00Z,136,135,2680
566679,2019-04-24T17:10:00Z,118,139,12
565326,2019-04-24T17:10:00Z,146,114,5
566579,2019-04-24T17:15:00Z,158,138,2889
565425,2019-04-24T19:10:00Z,120,115,19
566101,2019-04-24T19:37:00Z,140,133,10
566289,2019-04-24T19:40:00Z,136,135,2680
566875,2019-04-24T20:07:00Z,137,141,14
565232,2019-04-24T22:40:00Z,144,113,2602
566191,2019-04-24T23:05:00Z,109,134,31
564942,2019-04-24T23:05:00Z,145,110,2
565035,2019-04-24T23:10:00Z,116,111,3
565997,2019-04-24T23:10:00Z,143,121,3289
565134,2019-04-25T00:05:00Z,119,112,17
565614,2019-04-25T00:10:00Z,142,117,2392
564747,2019-04-25T02:07:00Z,147,108,1
566192,2019-04-25T16:35:00Z,109,134,31
565135,2019-04-25T18:20:00Z,119,112,17
565233,2019-04-25T22:40:00Z,144,113,2602
567071,2019-04-25T23:05:00Z,146,143,2681
565036,2019-04-25T23:10:00Z,116,111,3
565615,2019-04-26T00:10:00Z,114,117,2392
564748,2019-04-26T01:07:00Z,147,108,1
566384,2019-04-26T02:10:00Z,140,136,680
565906,2019-04-26T23:05:00Z,135,120,3309
567072,2019-04-26T23:05:00Z,146,143,2681
566876,2019-04-26T23:07:00Z,133,141,14
565037,2019-04-26T23:10:00Z,139,111,3
565998,2019-04-26T23:10:00Z,158,121,3289
567170,2019-04-26T23:20:00Z,115,144,4705
566972,2019-04-27T00:10:00Z,110,142,3312
567272,2019-04-27T00:10:00Z,116,145,4
565616,2019-04-27T00:10:00Z,114,117,2392
565714,2019-04-27T00:15:00Z,108,118,7
566580,2019-04-27T00:15:00Z,113,138,2889
564842,2019-04-27T01:40:00Z,112,109,15
566385,2019-04-27T02:10:00Z,140,136,680
565812,2019-04-27T02:10:00Z,134,119,22
566481,2019-04-27T02:15:00Z,147,137,2395
566973,2019-04-27T18:10:00Z,110,142,3312
566581,2019-04-27T18:15:00Z,113,138,2889
566877,2019-04-27T19:07:00Z,133,141,14
565038,2019-04-27T20:05:00Z,139,111,3
565907,2019-04-27T20:05:00Z,135,120,3309
566482,2019-04-27T20:05:00Z,147,137,2395
565617,2019-04-27T20:05:00Z,114,117,2392
567073,2019-04-27T22:05:00Z,146,143,2681
565999,2019-04-27T23:10:00Z,158,121,3289
567273,2019-04-27T23:10:00Z,116,145,4
565715,2019-04-27T23:15:00Z,108,118,7
567171,2019-04-27T23:20:00Z,115,144,4705
564843,2019-04-28T00:10:00Z,112,109,15
566386,2019-04-28T01:10:00Z,140,136,680
565813,2019-04-28T01:10:00Z,134,119,22
565039,2019-04-28T17:05:00Z,139,111,3
567074,2019-04-28T17:05:00Z,146,143,2681
566878,2019-04-28T17:07:00Z,133,141,14
566000,2019-04-28T17:10:00Z,158,121,3289
567172,2019-04-28T17:20:00Z,115,144,4705
565908,2019-04-28T17:35:00Z,135,120,3309
566974,2019-04-28T18:10:00Z,110,142,3312
567274,2019-04-28T18:10:00Z,116,145,4
565716,2019-04-28T18:15:00Z,108,118,7
566582,2019-04-28T18:15:00Z,113,138,2889
566483,2019-04-28T20:05:00Z,147,137,2395
564844,2019-04-28T20:10:00Z,112,109,15
566387,2019-04-28T20:10:00Z,140,136,680
565814,2019-04-28T20:10:00Z,134,119,22
565618,2019-04-28T23:05:00Z,114,117,2392
565909,2019-04-29T23:05:00Z,138,120,3309
565040,2019-04-29T23:10:00Z,133,111,3
566001,2019-04-29T23:10:00Z,113,121,3289
567173,2019-04-29T23:20:00Z,135,144,4705
566975,2019-04-29T23:40:00Z,117,142,3312
567566,2019-04-29T23:40:00Z,115,158,32
567275,2019-04-30T00:10:00Z,110,145,4
565717,2019-04-30T00:15:00Z,139,118,7
566484,2019-04-30T01:45:00Z,119,137,2395
565910,2019-04-30T23:05:00Z,138,120,3309
567075,2019-04-30T23:05:00Z,116,143,2681
567375,2019-04-30T23:10:00Z,114,146,4169
565041,2019-04-30T23:10:00Z,133,111,3
566002,2019-04-30T23:10:00Z,113,121,3289
567179,2019-04-30T23:20:00Z,135,144,4705
566976,2019-04-30T23:40:00Z,117,142,3312
567567,2019-04-30T23:40:00Z,115,158,32
566778,2019-05-01T00:05:00Z,134,140,13
567276,2019-05-01T00:10:00Z,110,145,4
565718,2019-05-01T00:15:00Z,139,118,7
564845,2019-05-01T01:40:00Z,147,109,15
566485,2019-05-01T01:45:00Z,119,137,2395
564749,2019-05-01T02:07:00Z,141,108,1
566388,2019-05-01T02:10:00Z,112,136,680
565719,2019-05-01T17:15:00Z,139,118,7
565718,2019-05-01T03:33:00Z,139,118,7
567277,2019-05-01T20:10:00Z,110,145,4
567276,2019-05-01T03:33:00Z,110,145,4
565042,2019-05-01T17:05:00Z,133,111,3
566779,2019-05-01T18:05:00Z,134,140,13
564846,2019-05-01T19:40:00Z,147,109,15
566389,2019-05-01T22:40:00Z,112,136,680
565911,2019-05-01T23:05:00Z,138,120,3309
567076,2019-05-01T23:05:00Z,116,143,2681
567376,2019-05-01T23:10:00Z,114,146,4169
566003,2019-05-01T23:10:00Z,113,121,3289
567180,2019-05-01T23:20:00Z,135,144,4705
567568,2019-05-01T23:40:00Z,115,158,32
566977,2019-05-02T00:10:00Z,117,142,3312
566486,2019-05-02T01:45:00Z,119,137,2395
564750,2019-05-02T02:07:00Z,141,108,1
567181,2019-05-02T16:10:00Z,135,144,4705
566004,2019-05-02T16:10:00Z,113,121,3289
566978,2019-05-02T17:10:00Z,117,142,3312
567569,2019-05-02T17:10:00Z,115,158,32
565720,2019-05-02T18:15:00Z,139,118,7
565912,2019-05-02T20:05:00Z,138,120,3309
567278,2019-05-03T00:10:00Z,111,145,4
564751,2019-05-03T02:07:00Z,141,108,1
565136,2019-05-03T18:20:00Z,138,112,17
566193,2019-05-03T23:05:00Z,133,134,31
567471,2019-05-03T23:05:00Z,142,147,3313
564943,2019-05-03T23:05:00Z,139,110,2
567077,2019-05-03T23:05:00Z,120,143,2681
567377,2019-05-03T23:10:00Z,144,146,4169
565234,2019-05-03T23:10:00Z,137,113,2602
565327,2019-05-03T23:10:00Z,136,114,5
565522,2019-05-03T23:10:00Z,118,116,2394
566780,2019-05-04T00:05:00Z,141,140,13
567279,2019-05-04T00:10:00Z,111,145,4
567570,2019-05-04T00:10:00Z,121,158,32
565426,2019-05-04T00:40:00Z,109,115,19
566290,2019-05-04T02:10:00Z,119,135,2680
567472,2019-05-04T17:05:00Z,142,147,3313
565137,2019-05-04T20:05:00Z,138,112,17
565328,2019-05-04T20:10:00Z,136,114,5
565523,2019-05-04T20:10:00Z,118,116,2394
567378,2019-05-04T22:10:00Z,144,146,4169
566194,2019-05-04T23:05:00Z,133,134,31
564944,2019-05-04T23:05:00Z,139,110,2
567078,2019-05-04T23:05:00Z,120,143,2681
564752,2019-05-04T23:10:00Z,117,108,2701
565235,2019-05-04T23:10:00Z,137,113,2602
567280,2019-05-04T23:10:00Z,111,145,4
567571,2019-05-04T23:10:00Z,121,158,32
566781,2019-05-05T00:05:00Z,141,140,13
565427,2019-05-05T00:10:00Z,109,115,19
566291,2019-05-05T00:40:00Z,119,135,2680
564945,2019-05-05T17:05:00Z,139,110,2
567379,2019-05-05T17:10:00Z,144,146,4169
565329,2019-05-05T17:10:00Z,136,114,5
565524,2019-05-05T17:10:00Z,118,116,2394
566195,2019-05-05T17:35:00Z,133,134,31
567079,2019-05-05T18:05:00Z,120,143,2681
567281,2019-05-05T18:10:00Z,111,145,4
567572,2019-05-05T18:10:00Z,121,158,32
566782,2019-05-05T19:05:00Z,141,140,13
565428,2019-05-05T19:10:00Z,109,115,19
567473,2019-05-05T20:05:00Z,142,147,3313
564753,2019-05-05T20:10:00Z,117,108,2701
565236,2019-05-05T20:10:00Z,137,113,2602
566292,2019-05-05T20:10:00Z,119,135,2680
565138,2019-05-05T23:05:00Z,138,112,17
565237,2019-05-06T16:35:00Z,137,113,2602
565330,2019-05-06T22:10:00Z,145,114,5
567474,2019-05-06T22:35:00Z,136,147,3313
564946,2019-05-06T23:05:00Z,111,110,2
566879,2019-05-06T23:07:00Z,142,141,14
566680,2019-05-06T23:10:00Z,109,139,12
567573,2019-05-06T23:40:00Z,120,158,32
565139,2019-05-07T00:05:00Z,146,112,17
566583,2019-05-07T00:05:00Z,143,138,2889
565619,2019-05-07T00:10:00Z,118,117,2392
565815,2019-05-07T02:10:00Z,144,119,22
566293,2019-05-07T02:10:00Z,121,135,2680
565331,2019-05-07T22:10:00Z,145,114,5
567475,2019-05-07T22:35:00Z,136,147,3313
566196,2019-05-07T23:05:00Z,140,134,31
564947,2019-05-07T23:05:00Z,111,110,2
566880,2019-05-07T23:07:00Z,142,141,14
566681,2019-05-07T23:10:00Z,109,139,12
565525,2019-05-07T23:10:00Z,108,116,2394
567574,2019-05-07T23:40:00Z,120,158,32
566584,2019-05-07T23:45:00Z,143,138,2889
565140,2019-05-08T00:05:00Z,146,112,17
565620,2019-05-08T00:10:00Z,118,117,2392
565429,2019-05-08T00:40:00Z,137,115,19
566102,2019-05-08T02:07:00Z,113,133,10
565816,2019-05-08T02:10:00Z,144,119,22
566294,2019-05-08T02:10:00Z,121,135,2680
566197,2019-05-08T16:35:00Z,140,134,31
566682,2019-05-08T17:10:00Z,109,139,12
567575,2019-05-08T17:10:00Z,120,158,32
566585,2019-05-08T17:15:00Z,143,138,2889
566295,2019-05-08T19:40:00Z,121,135,2680
565332,2019-05-08T22:10:00Z,145,114,5
567476,2019-05-08T22:35:00Z,136,147,3313
564948,2019-05-08T23:05:00Z,111,110,2
566881,2019-05-08T23:07:00Z,142,141,14
565526,2019-05-08T23:10:00Z,108,116,2394
565141,2019-05-08T23:35:00Z,146,112,17
565621,2019-05-09T00:10:00Z,118,117,2392
565430,2019-05-09T00:40:00Z,137,115,19
566103,2019-05-09T02:07:00Z,113,133,10
565817,2019-05-09T02:10:00Z,144,119,22
565333,2019-05-09T17:10:00Z,145,114,5
565527,2019-05-09T17:10:00Z,108,116,2394
565142,2019-05-09T18:20:00Z,146,112,17
565431,2019-05-09T19:10:00Z,137,115,19
566104,2019-05-09T19:37:00Z,113,133,10
567477,2019-05-09T22:35:00Z,136,147,3313
566586,2019-05-09T23:45:00Z,134,138,2889
565622,2019-05-10T00:10:00Z,140,117,2392
564847,2019-05-10T01:40:00Z,144,109,15
565818,2019-05-10T02:10:00Z,120,119,22
565143,2019-05-10T18:20:00Z,158,112,17
564949,2019-05-10T23:05:00Z,108,110,2
566882,2019-05-10T23:07:00Z,145,141,14
565043,2019-05-10T23:10:00Z,136,111,3
566683,2019-05-10T23:10:00Z,147,139,12
566005,2019-05-10T23:10:00Z,146,121,3289
566979,2019-05-11T00:10:00Z,116,142,3312
565623,2019-05-11T00:10:00Z,140,117,2392
565721,2019-05-11T00:15:00Z,143,118,7
566587,2019-05-11T00:15:00Z,134,138,2889
565432,2019-05-11T00:40:00Z,135,115,19
566105,2019-05-11T01:37:00Z,114,133,10
564848,2019-05-11T01:40:00Z,144,109,15
565819,2019-05-11T02:10:00Z,120,119,22
566487,2019-05-11T02:15:00Z,113,137,2395
566980,2019-05-11T18:10:00Z,116,142,3312
566965,2019-05-12T00:10:00Z,116,142,3312
565044,2019-05-11T17:05:00Z,136,111,3
566588,2019-05-11T18:15:00Z,134,138,2889
565144,2019-05-11T18:20:00Z,158,112,17
566883,2019-05-11T19:07:00Z,145,141,14
564950,2019-05-11T20:05:00Z,108,110,2
566106,2019-05-11T20:05:00Z,114,133,10
566684,2019-05-11T22:10:00Z,147,139,12
566006,2019-05-11T23:10:00Z,146,121,3289
565722,2019-05-11T23:15:00Z,143,118,7
564849,2019-05-12T00:10:00Z,144,109,15
565433,2019-05-12T00:10:00Z,135,115,19
565624,2019-05-12T00:10:00Z,140,117,2392
566488,2019-05-12T01:05:00Z,113,137,2395
565820,2019-05-12T01:10:00Z,120,119,22
565045,2019-05-12T17:05:00Z,136,111,3
564951,2019-05-12T17:05:00Z,108,110,2
566884,2019-05-12T17:07:00Z,145,141,14
566685,2019-05-12T17:10:00Z,147,139,12
566007,2019-05-12T17:10:00Z,146,121,3289
566981,2019-05-12T18:10:00Z,116,142,3312
565625,2019-05-12T18:10:00Z,140,117,2392
565723,2019-05-12T18:15:00Z,143,118,7
566589,2019-05-12T18:15:00Z,134,138,2889
565434,2019-05-12T19:10:00Z,135,115,19
566489,2019-05-12T20:05:00Z,113,137,2395
566107,2019-05-12T20:07:00Z,114,133,10
564850,2019-05-12T20:10:00Z,144,109,15
565821,2019-05-12T20:10:00Z,120,119,22
565145,2019-05-12T23:05:00Z,158,112,17
567478,2019-05-13T22:35:00Z,110,147,3313
567080,2019-05-13T23:05:00Z,158,143,2681
565528,2019-05-13T23:10:00Z,117,116,2394
566982,2019-05-13T23:40:00Z,108,142,3312
567282,2019-05-14T00:10:00Z,114,145,4
564851,2019-05-14T01:40:00Z,134,109,15
566390,2019-05-14T02:10:00Z,133,136,680
567479,2019-05-14T17:05:00Z,110,147,3313
567283,2019-05-14T18:10:00Z,114,145,4
565238,2019-05-14T22:40:00Z,112,113,2602
565913,2019-05-14T23:05:00Z,121,120,3309
567081,2019-05-14T23:05:00Z,158,143,2681
567380,2019-05-14T23:10:00Z,139,146,4169
565046,2019-05-14T23:10:00Z,115,111,3
565529,2019-05-14T23:10:00Z,117,116,2394
567182,2019-05-14T23:20:00Z,138,144,4705
566983,2019-05-14T23:40:00Z,108,142,3312
565724,2019-05-15T00:15:00Z,140,118,7
564852,2019-05-15T01:40:00Z,134,109,15
566490,2019-05-15T01:45:00Z,141,137,2395
566391,2019-05-15T02:10:00Z,133,136,680
565822,2019-05-15T02:10:00Z,135,119,22
567480,2019-05-15T19:05:00Z,110,147,3313
567478,2019-05-15T03:33:00Z,110,147,3313
566984,2019-05-15T17:10:00Z,108,142,3312
564853,2019-05-15T19:40:00Z,134,109,15
566491,2019-05-15T19:45:00Z,141,137,2395
565239,2019-05-15T22:40:00Z,112,113,2602
565914,2019-05-15T23:05:00Z,121,120,3309
567082,2019-05-15T23:05:00Z,158,143,2681
567381,2019-05-15T23:10:00Z,139,146,4169
565047,2019-05-15T23:10:00Z,115,111,3
565530,2019-05-15T23:10:00Z,117,116,2394
567183,2019-05-15T23:20:00Z,138,144,4705
565725,2019-05-16T00:15:00Z,140,118,7
565823,2019-05-16T02:10:00Z,135,119,22
565915,2019-05-16T17:05:00Z,121,120,3309
567083,2019-05-16T17:05:00Z,158,143,2681
565531,2019-05-16T17:10:00Z,133,116,2394
565726,2019-05-16T17:15:00Z,140,118,7
565334,2019-05-16T22:10:00Z,110,114,5
565240,2019-05-16T22:40:00Z,112,113,2602
567184,2019-05-16T23:20:00Z,138,144,4705
567284,2019-05-17T00:10:00Z,141,145,4
566392,2019-05-17T02:10:00Z,142,136,680
566296,2019-05-17T02:10:00Z,134,135,2680
565916,2019-05-17T23:05:00Z,112,120,3309
567481,2019-05-17T23:05:00Z,139,147,3313
567084,2019-05-17T23:05:00Z,115,143,2681
567382,2019-05-17T23:10:00Z,121,146,4169
565048,2019-05-17T23:10:00Z,117,111,3
565241,2019-05-17T23:10:00Z,119,113,2602
565335,2019-05-17T23:10:00Z,110,114,5
565532,2019-05-17T23:10:00Z,133,116,2394
567185,2019-05-17T23:20:00Z,158,144,4705
566783,2019-05-18T00:05:00Z,138,140,13
567285,2019-05-18T00:10:00Z,141,145,4
564854,2019-05-18T01:40:00Z,137,109,15
564754,2019-05-18T02:07:00Z,118,108,1
566393,2019-05-18T02:10:00Z,142,136,680
566297,2019-05-18T02:10:00Z,134,135,2680
567482,2019-05-18T17:05:00Z,139,147,3313
567286,2019-05-18T18:10:00Z,141,145,4
566784,2019-05-18T20:05:00Z,138,140,13
567085,2019-05-18T20:05:00Z,115,143,2681
567383,2019-05-18T20:10:00Z,121,146,4169
565242,2019-05-18T20:10:00Z,119,113,2602
565336,2019-05-18T20:10:00Z,110,114,5
565533,2019-05-18T20:10:00Z,133,116,2394
565049,2019-05-18T23:15:00Z,117,111,3
565917,2019-05-18T23:15:00Z,112,120,3309
567186,2019-05-18T23:15:00Z,158,144,4705
566298,2019-05-19T00:40:00Z,134,135,2680
564755,2019-05-19T02:07:00Z,118,108,1
564855,2019-05-19T02:10:00Z,137,109,15
566394,2019-05-19T02:10:00Z,142,136,680
567086,2019-05-19T17:05:00Z,115,143,2681
565050,2019-05-19T17:05:00Z,117,111,3
567483,2019-05-19T17:05:00Z,139,147,3313
567384,2019-05-19T17:10:00Z,121,146,4169
565243,2019-05-19T17:10:00Z,119,113,2602
565337,2019-05-19T17:10:00Z,110,114,5
565534,2019-05-19T17:10:00Z,133,116,2394
567187,2019-05-19T17:20:00Z,158,144,4705
567287,2019-05-19T18:10:00Z,141,145,4
566785,2019-05-19T19:05:00Z,138,140,13
564756,2019-05-19T20:07:00Z,118,108,1
564856,2019-05-19T20:10:00Z,137,109,15
566395,2019-05-19T20:10:00Z,142,136,680
566299,2019-05-19T20:10:00Z,134,135,2680
565918,2019-05-19T23:05:00Z,112,120,3309
566885,2019-05-20T17:07:00Z,111,141,14
565338,2019-05-20T22:10:00Z,133,114,5
564952,2019-05-20T23:05:00Z,147,110,2
566008,2019-05-20T23:10:00Z,120,121,3289
565146,2019-05-21T00:05:00Z,143,112,17
566786,2019-05-21T00:05:00Z,136,140,13
565626,2019-05-21T00:10:00Z,145,117,2392
566492,2019-05-21T01:45:00Z,144,137,2395
564757,2019-05-21T02:07:00Z,142,108,1
566300,2019-05-21T02:10:00Z,109,135,2680
565339,2019-05-21T22:10:00Z,133,114,5
566198,2019-05-21T23:05:00Z,115,134,31
565147,2019-05-21T23:05:00Z,143,112,17
564953,2019-05-21T23:05:00Z,147,110,2
566886,2019-05-21T23:07:00Z,111,141,14
566686,2019-05-21T23:10:00Z,119,139,12
565535,2019-05-21T23:10:00Z,146,116,2394
566009,2019-05-21T23:10:00Z,120,121,3289
567576,2019-05-21T23:40:00Z,113,158,32
566787,2019-05-22T00:05:00Z,136,140,13
565627,2019-05-22T00:10:00Z,145,117,2392
566590,2019-05-22T00:15:00Z,118,138,2889
566493,2019-05-22T01:45:00Z,144,137,2395
564758,2019-05-22T02:07:00Z,142,108,1
566301,2019-05-22T02:10:00Z,109,135,2680
566591,2019-05-22T17:15:00Z,118,138,2889
566590,2019-05-22T23:45:00Z,118,138,2889
565340,2019-05-22T17:10:00Z,133,114,5
567577,2019-05-22T17:10:00Z,113,158,32
566788,2019-05-22T18:05:00Z,136,140,13
566302,2019-05-22T19:40:00Z,109,135,2680
566199,2019-05-22T23:05:00Z,115,134,31
564954,2019-05-22T23:05:00Z,147,110,2
566887,2019-05-22T23:07:00Z,111,141,14
566687,2019-05-22T23:10:00Z,119,139,12
565536,2019-05-22T23:10:00Z,146,116,2394
566010,2019-05-22T23:10:00Z,120,121,3289
565148,2019-05-23T00:05:00Z,143,112,17
565628,2019-05-23T00:10:00Z,145,117,2392
564759,2019-05-23T01:07:00Z,142,108,1
566494,2019-05-23T01:45:00Z,144,137,2395
566011,2019-05-23T16:10:00Z,120,121,3289
566200,2019-05-23T16:35:00Z,115,134,31
564955,2019-05-23T16:35:00Z,147,110,2
566888,2019-05-23T16:37:00Z,111,141,14
565537,2019-05-23T17:10:00Z,146,116,2394
565149,2019-05-23T18:20:00Z,143,112,17
566495,2019-05-23T19:45:00Z,144,137,2395
564759,2019-05-23T20:07:00Z,142,108,1
565341,2019-05-23T22:10:00Z,139,114,5
565629,2019-05-24T00:10:00Z,145,117,2392
565150,2019-05-24T18:20:00Z,113,112,17
565919,2019-05-24T23:05:00Z,146,120,3309
566201,2019-05-24T23:05:00Z,119,134,31
566889,2019-05-24T23:07:00Z,135,141,14
565342,2019-05-24T23:10:00Z,139,114,5
566012,2019-05-24T23:10:00Z,116,121,3289
566985,2019-05-25T00:10:00Z,145,142,3312
565630,2019-05-25T00:10:00Z,111,117,2392
567578,2019-05-25T00:10:00Z,143,158,32
565727,2019-05-25T00:15:00Z,147,118,7
566592,2019-05-25T00:15:00Z,144,138,2889
565435,2019-05-25T00:40:00Z,110,115,19
564760,2019-05-25T02:07:00Z,140,108,1
566108,2019-05-25T02:07:00Z,136,133,10
566496,2019-05-25T02:15:00Z,109,137,2395
565728,2019-05-25T18:15:00Z,147,118,7
565727,2019-05-26T00:15:00Z,147,118,7
566986,2019-05-25T18:10:00Z,145,142,3312
565151,2019-05-25T18:20:00Z,113,112,17
566890,2019-05-25T19:07:00Z,135,141,14
565920,2019-05-25T20:05:00Z,146,120,3309
566497,2019-05-25T20:05:00Z,109,137,2395
566109,2019-05-25T20:07:00Z,136,133,10
565343,2019-05-25T20:10:00Z,139,114,5
566013,2019-05-25T20:10:00Z,116,121,3289
567579,2019-05-25T20:10:00Z,143,158,32
566202,2019-05-25T23:15:00Z,119,134,31
565631,2019-05-25T23:15:00Z,111,117,2392
566593,2019-05-25T23:15:00Z,144,138,2889
565436,2019-05-26T01:10:00Z,110,115,19
564761,2019-05-26T02:07:00Z,140,108,1
566891,2019-05-26T17:07:00Z,135,141,14
565344,2019-05-26T17:10:00Z,139,114,5
566014,2019-05-26T17:10:00Z,116,121,3289
565921,2019-05-26T17:35:00Z,146,120,3309
566203,2019-05-26T17:35:00Z,119,134,31
566987,2019-05-26T18:10:00Z,145,142,3312
565632,2019-05-26T18:10:00Z,111,117,2392
567580,2019-05-26T18:10:00Z,143,158,32
565729,2019-05-26T18:15:00Z,147,118,7
565152,2019-05-26T18:20:00Z,113,112,17
565437,2019-05-26T19:10:00Z,110,115,19
566498,2019-05-26T20:05:00Z,109,137,2395
564762,2019-05-26T20:07:00Z,140,108,1
566110,2019-05-26T20:07:00Z,136,133,10
566594,2019-05-26T23:05:00Z,144,138,2889
565244,2019-05-27T17:10:00Z,134,113,2602
565221,2019-05-27T23:10:00Z,134,113,2602
565922,2019-05-27T17:05:00Z,146,120,3309
567484,2019-05-27T17:05:00Z,135,147,3313
564956,2019-05-27T17:05:00Z,116,110,2
566688,2019-05-27T17:10:00Z,141,139,12
567288,2019-05-27T18:10:00Z,118,145,4
565633,2019-05-27T18:10:00Z,112,117,2392
565438,2019-05-27T19:10:00Z,109,115,19
565051,2019-05-27T20:05:00Z,114,111,3
566111,2019-05-27T20:07:00Z,108,133,10
566988,2019-05-27T23:10:00Z,158,142,3312
565824,2019-05-28T00:10:00Z,121,119,22
566396,2019-05-28T01:10:00Z,140,136,680
567288,2019-05-28T21:40:00Z,118,145,4
567485,2019-05-28T22:35:00Z,135,147,3313
565245,2019-05-28T22:40:00Z,134,113,2602
567087,2019-05-28T23:05:00Z,138,143,2681
564957,2019-05-28T23:05:00Z,116,110,2
567385,2019-05-28T23:10:00Z,137,146,4169
565052,2019-05-28T23:10:00Z,114,111,3
566689,2019-05-28T23:10:00Z,141,139,12
567188,2019-05-28T23:20:00Z,120,144,4705
566989,2019-05-29T00:10:00Z,158,142,3312
567289,2019-05-29T00:10:00Z,118,145,4
565634,2019-05-29T00:10:00Z,112,117,2392
565439,2019-05-29T00:40:00Z,109,115,19
566112,2019-05-29T02:07:00Z,108,133,10
566397,2019-05-29T02:10:00Z,140,136,680
565825,2019-05-29T02:10:00Z,121,119,22
565246,2019-05-29T16:35:00Z,134,113,2602
567486,2019-05-29T17:05:00Z,135,147,3313
566113,2019-05-29T19:37:00Z,108,133,10
566398,2019-05-29T19:40:00Z,140,136,680
565053,2019-05-29T22:10:00Z,114,111,3
567088,2019-05-29T23:05:00Z,138,143,2681
564958,2019-05-29T23:05:00Z,116,110,2
567386,2019-05-29T23:10:00Z,137,146,4169
566690,2019-05-29T23:10:00Z,141,139,12
567189,2019-05-29T23:20:00Z,120,144,4705
567290,2019-05-30T00:10:00Z,118,145,4
565635,2019-05-30T00:10:00Z,112,117,2392
565440,2019-05-30T00:40:00Z,109,115,19
565826,2019-05-30T02:10:00Z,121,119,22
567089,2019-05-30T17:05:00Z,138,143,2681
567387,2019-05-30T17:10:00Z,137,146,4169
565441,2019-05-30T19:10:00Z,109,115,19
566204,2019-05-30T23:05:00Z,158,134,31
567487,2019-05-30T23:05:00Z,111,147,3313
566691,2019-05-30T23:10:00Z,142,139,12
566789,2019-05-31T00:05:00Z,118,140,13
567291,2019-05-31T00:10:00Z,114,145,4
566399,2019-05-31T02:10:00Z,108,136,680
565827,2019-05-31T02:10:00Z,121,119,22
566205,2019-05-31T23:05:00Z,158,134,31
567488,2019-05-31T23:05:00Z,111,147,3313
564959,2019-05-31T23:05:00Z,137,110,2
565247,2019-05-31T23:10:00Z,120,113,2602
566692,2019-05-31T23:10:00Z,142,139,12
567190,2019-05-31T23:20:00Z,116,144,4705
566790,2019-06-01T00:05:00Z,118,140,13
567292,2019-06-01T00:10:00Z,114,145,4
566595,2019-06-01T00:15:00Z,112,138,2889
565442,2019-06-01T00:40:00Z,141,115,19
564857,2019-06-01T01:40:00Z,121,109,15
566114,2019-06-01T02:07:00Z,117,133,10
566400,2019-06-01T02:10:00Z,108,136,680
566303,2019-06-01T02:10:00Z,146,135,2680
565828,2019-06-01T02:10:00Z,143,119,22
566693,2019-06-01T17:10:00Z,142,139,12
567293,2019-06-01T18:10:00Z,114,145,4
566206,2019-06-01T20:05:00Z,158,134,31
566791,2019-06-01T20:05:00Z,118,140,13
564960,2019-06-01T20:05:00Z,137,110,2
565248,2019-06-01T20:10:00Z,120,113,2602
567191,2019-06-01T20:10:00Z,116,144,4705
566401,2019-06-01T23:15:00Z,108,136,680
567489,2019-06-01T23:15:00Z,111,147,3313
566596,2019-06-01T23:15:00Z,112,138,2889
565443,2019-06-02T01:10:00Z,141,115,19
566115,2019-06-02T02:07:00Z,117,133,10
564858,2019-06-02T02:10:00Z,121,109,15
566304,2019-06-02T02:10:00Z,146,135,2680
565829,2019-06-02T02:10:00Z,143,119,22
564961,2019-06-02T17:05:00Z,137,110,2
565249,2019-06-02T17:10:00Z,120,113,2602
566694,2019-06-02T17:10:00Z,142,139,12
567192,2019-06-02T17:20:00Z,116,144,4705
566207,2019-06-02T17:35:00Z,158,134,31
567294,2019-06-02T18:10:00Z,114,145,4
566597,2019-06-02T18:15:00Z,112,138,2889
566792,2019-06-02T19:05:00Z,118,140,13
565444,2019-06-02T19:10:00Z,141,115,19
566116,2019-06-02T20:07:00Z,117,133,10
564859,2019-06-02T20:10:00Z,121,109,15
566402,2019-06-02T20:10:00Z,108,136,680
565830,2019-06-02T20:10:00Z,143,119,22
566305,2019-06-02T22:10:00Z,146,135,2680
567490,2019-06-02T23:05:00Z,111,147,3313
565129,2019-06-03T20:05:00Z,108,112,17
564860,2019-06-04T01:40:00Z,119,109,15
566306,2019-06-04T02:10:00Z,143,135,2680
566403,2019-06-04T02:10:00Z,117,136,680
565923,2019-06-04T23:05:00Z,145,120,3309
566208,2019-06-04T23:05:00Z,144,134,31
566892,2019-06-04T23:07:00Z,147,141,14
565538,2019-06-04T23:10:00Z,139,116,2394
566015,2019-06-04T23:10:00Z,137,121,3289
565345,2019-06-04T23:10:00Z,142,114,5
567581,2019-06-04T23:40:00Z,146,158,32
565153,2019-06-05T00:05:00Z,115,112,17
566793,2019-06-05T00:05:00Z,110,140,13
565730,2019-06-05T00:15:00Z,111,118,7
566598,2019-06-05T00:15:00Z,113,138,2889
564861,2019-06-05T01:40:00Z,119,109,15
564763,2019-06-05T02:07:00Z,133,108,1
566404,2019-06-05T02:10:00Z,117,136,680
566307,2019-06-05T02:10:00Z,143,135,2680
565924,2019-06-05T17:05:00Z,145,120,3309
564862,2019-06-05T19:40:00Z,119,109,15
566308,2019-06-05T19:40:00Z,143,135,2680
566209,2019-06-05T23:05:00Z,144,134,31
566893,2019-06-05T23:07:00Z,147,141,14
565539,2019-06-05T23:10:00Z,139,116,2394
566016,2019-06-05T23:10:00Z,137,121,3289
565346,2019-06-05T23:10:00Z,142,114,5
567582,2019-06-05T23:40:00Z,146,158,32
565154,2019-06-06T00:05:00Z,115,112,17
566794,2019-06-06T00:05:00Z,110,140,13
565731,2019-06-06T00:15:00Z,111,118,7
566599,2019-06-06T00:15:00Z,113,138,2889
564764,2019-06-06T02:07:00Z,133,108,1
566405,2019-06-06T02:10:00Z,117,136,680
566017,2019-06-06T16:10:00Z,137,121,3289
566210,2019-06-06T16:35:00Z,144,134,31
565540,2019-06-06T17:10:00Z,139,116,2394
565732,2019-06-06T17:15:00Z,111,118,7
566600,2019-06-06T17:15:00Z,113,138,2889
567583,2019-06-06T18:10:00Z,146,158,32
565155,2019-06-06T18:20:00Z,115,112,17
566406,2019-06-06T19:40:00Z,117,136,680
566894,2019-06-06T23:07:00Z,147,141,14
565347,2019-06-06T23:10:00Z,142,114,5
566795,2019-06-07T00:05:00Z,110,140,13
564765,2019-06-07T02:07:00Z,133,108,1
566309,2019-06-07T02:10:00Z,120,135,2680
565156,2019-06-07T18:20:00Z,138,112,17
567090,2019-06-07T23:05:00Z,113,143,2681
566895,2019-06-07T23:07:00Z,109,141,14
567388,2019-06-07T23:10:00Z,144,146,4169
565054,2019-06-07T23:10:00Z,139,111,3
565541,2019-06-07T23:10:00Z,142,116,2394
566018,2019-06-07T23:10:00Z,115,121,3289
565348,2019-06-07T23:10:00Z,147,114,5
566796,2019-06-08T00:05:00Z,133,140,13
565636,2019-06-08T00:10:00Z,110,117,2392
567584,2019-06-08T00:10:00Z,134,158,32
565733,2019-06-08T00:15:00Z,145,118,7
564766,2019-06-08T02:07:00Z,136,108,1
566310,2019-06-08T02:10:00Z,120,135,2680
566499,2019-06-08T02:15:00Z,119,137,2395
565055,2019-06-08T17:05:00Z,139,111,3
565037,2019-06-08T22:10:00Z,139,111,3
566770,2019-06-08T18:05:00Z,133,140,13
566797,2019-06-09T01:05:00Z,133,140,13
565734,2019-06-08T18:15:00Z,145,118,7
566896,2019-06-08T19:07:00Z,109,141,14
567091,2019-06-08T20:05:00Z,113,143,2681
567389,2019-06-08T20:10:00Z,144,146,4169
565542,2019-06-08T20:10:00Z,142,116,2394
565349,2019-06-08T20:10:00Z,147,114,5
565637,2019-06-08T20:10:00Z,110,117,2392
567585,2019-06-08T20:10:00Z,134,158,32
566019,2019-06-08T23:15:00Z,115,121,3289
566500,2019-06-08T23:15:00Z,119,137,2395
565157,2019-06-08T23:15:00Z,138,112,17
564767,2019-06-09T02:07:00Z,136,108,1
566311,2019-06-09T02:10:00Z,120,135,2680
567092,2019-06-09T17:05:00Z,113,143,2681
565056,2019-06-09T17:05:00Z,139,111,3
566897,2019-06-09T17:07:00Z,109,141,14
567390,2019-06-09T17:10:00Z,144,146,4169
565543,2019-06-09T17:10:00Z,142,116,2394
566020,2019-06-09T17:10:00Z,115,121,3289
565350,2019-06-09T17:10:00Z,147,114,5
565638,2019-06-09T18:10:00Z,110,117,2392
567586,2019-06-09T18:10:00Z,134,158,32
565735,2019-06-09T18:15:00Z,145,118,7
566798,2019-06-09T19:05:00Z,133,140,13
566501,2019-06-09T20:05:00Z,119,137,2395
564768,2019-06-09T20:07:00Z,136,108,1
566312,2019-06-09T20:10:00Z,120,135,2680
565158,2019-06-09T23:05:00Z,138,112,17
567093,2019-06-10T23:05:00Z,109,143,2681
567491,2019-06-10T23:05:00Z,121,147,3313
567391,2019-06-10T23:10:00Z,138,146,4169
565057,2019-06-10T23:10:00Z,140,111,3
566695,2019-06-10T23:10:00Z,133,139,12
567193,2019-06-10T23:20:00Z,134,144,4705
567295,2019-06-11T00:10:00Z,120,145,4
565445,2019-06-11T00:40:00Z,112,115,19
564769,2019-06-11T02:07:00Z,119,108,1
567491,2019-06-11T17:05:00Z,121,147,3313
567492,2019-06-11T23:05:00Z,121,147,3313
567094,2019-06-11T23:05:00Z,109,143,2681
564962,2019-06-11T23:05:00Z,141,110,2
567392,2019-06-11T23:10:00Z,138,146,4169
565058,2019-06-11T23:10:00Z,140,111,3
566696,2019-06-11T23:10:00Z,133,139,12
565351,2019-06-11T23:10:00Z,113,114,5
567199,2019-06-11T23:20:00Z,134,144,4705
566990,2019-06-12T00:10:00Z,136,142,3312
567296,2019-06-12T00:10:00Z,120,145,4
565639,2019-06-12T00:10:00Z,158,117,2392
565736,2019-06-12T00:15:00Z,116,118,7
565446,2019-06-12T00:40:00Z,112,115,19
566502,2019-06-12T01:45:00Z,135,137,2395
564770,2019-06-12T02:07:00Z,119,108,1
566697,2019-06-12T16:10:00Z,133,139,12
565352,2019-06-12T17:10:00Z,113,114,5
565447,2019-06-12T19:10:00Z,112,115,19
565059,2019-06-12T20:05:00Z,140,111,3
567095,2019-06-12T23:05:00Z,109,143,2681
564963,2019-06-12T23:05:00Z,141,110,2
567393,2019-06-12T23:10:00Z,138,146,4169
567200,2019-06-12T23:20:00Z,134,144,4705
566991,2019-06-13T00:10:00Z,136,142,3312
565640,2019-06-13T00:10:00Z,158,117,2392
565737,2019-06-13T00:15:00Z,116,118,7
566503,2019-06-13T01:45:00Z,135,137,2395
567201,2019-06-13T16:10:00Z,134,144,4705
566992,2019-06-13T17:10:00Z,136,142,3312
565925,2019-06-13T23:05:00Z,109,120,3309
564964,2019-06-13T23:05:00Z,141,110,2
565060,2019-06-13T23:10:00Z,140,111,3
566698,2019-06-13T23:10:00Z,108,139,12
566021,2019-06-13T23:10:00Z,138,121,3289
565738,2019-06-14T00:05:00Z,116,118,5365
567297,2019-06-14T00:10:00Z,147,145,4
565448,2019-06-14T00:40:00Z,135,115,19
565831,2019-06-14T02:10:00Z,112,119,22
566021,2019-06-14T22:10:00Z,138,121,3289
565926,2019-06-14T23:05:00Z,109,120,3309
564965,2019-06-14T23:05:00Z,111,110,2
567394,2019-06-14T23:10:00Z,134,146,4169
565250,2019-06-14T23:10:00Z,140,113,2602
566699,2019-06-14T23:10:00Z,108,139,12
565544,2019-06-14T23:10:00Z,114,116,2394
566022,2019-06-14T23:10:00Z,138,121,3289
567202,2019-06-14T23:20:00Z,143,144,4705
566993,2019-06-15T00:10:00Z,118,142,3312
567298,2019-06-15T00:10:00Z,147,145,4
565641,2019-06-15T00:10:00Z,141,117,2392
565449,2019-06-15T00:40:00Z,135,115,19
566117,2019-06-15T01:37:00Z,136,133,10
565832,2019-06-15T02:10:00Z,112,119,22
566504,2019-06-15T02:15:00Z,158,137,2395
566700,2019-06-15T17:10:00Z,108,139,12
565927,2019-06-15T20:05:00Z,109,120,3309
566505,2019-06-15T20:05:00Z,158,137,2395
564966,2019-06-15T20:05:00Z,111,110,2
565642,2019-06-15T20:10:00Z,141,117,2392
567395,2019-06-15T22:10:00Z,134,146,4169
565545,2019-06-15T22:10:00Z,114,116,2394
565251,2019-06-15T23:10:00Z,140,113,2602
566023,2019-06-15T23:10:00Z,138,121,3289
566994,2019-06-15T23:10:00Z,118,142,3312
567299,2019-06-15T23:10:00Z,147,145,4
567203,2019-06-15T23:20:00Z,143,144,4705
565450,2019-06-16T00:10:00Z,135,115,19
566118,2019-06-16T01:07:00Z,136,133,10
565833,2019-06-16T01:10:00Z,112,119,22
564967,2019-06-16T17:05:00Z,111,110,2
565252,2019-06-16T17:10:00Z,140,113,2602
567396,2019-06-16T17:10:00Z,134,146,4169
566701,2019-06-16T17:10:00Z,108,139,12
565546,2019-06-16T17:10:00Z,114,116,2394
566024,2019-06-16T17:10:00Z,138,121,3289
567204,2019-06-16T17:20:00Z,143,144,4705
565928,2019-06-16T17:35:00Z,109,120,3309
566995,2019-06-16T18:10:00Z,118,142,3312
567300,2019-06-16T18:10:00Z,147,145,4
565643,2019-06-16T18:10:00Z,141,117,2392
565451,2019-06-16T19:10:00Z,135,115,19
566506,2019-06-16T20:05:00Z,158,137,2395
566119,2019-06-16T20:07:00Z,136,133,10
565834,2019-06-16T23:05:00Z,112,119,22
565929,2019-06-17T23:05:00Z,143,120,3309
567493,2019-06-17T23:05:00Z,139,147,3313
566898,2019-06-17T23:07:00Z,108,141,14
565253,2019-06-17T23:10:00Z,117,113,2602
567205,2019-06-17T23:20:00Z,121,144,4705
566799,2019-06-18T00:05:00Z,114,140,13
566996,2019-06-18T00:10:00Z,111,142,3312
566601,2019-06-18T00:15:00Z,146,138,2889
566120,2019-06-18T02:07:00Z,110,133,10
566407,2019-06-18T02:10:00Z,118,136,680
566313,2019-06-18T02:10:00Z,158,135,2680
565835,2019-06-18T02:10:00Z,137,119,22
565930,2019-06-18T23:05:00Z,143,120,3309
566211,2019-06-18T23:05:00Z,116,134,31
567494,2019-06-18T23:05:00Z,139,147,3313
566899,2019-06-18T23:07:00Z,108,141,14
565254,2019-06-18T23:10:00Z,117,113,2602
567206,2019-06-18T23:20:00Z,121,144,4705
566800,2019-06-19T00:05:00Z,114,140,13
565159,2019-06-19T00:05:00Z,145,112,17
566997,2019-06-19T00:10:00Z,111,142,3312
566602,2019-06-19T00:15:00Z,146,138,2889
564863,2019-06-19T01:40:00Z,115,109,15
566121,2019-06-19T02:07:00Z,110,133,10
566408,2019-06-19T02:10:00Z,118,136,680
566314,2019-06-19T02:10:00Z,158,135,2680
565836,2019-06-19T02:10:00Z,137,119,22
565929,2019-06-19T17:05:00Z,143,120,3309
565931,2019-06-19T23:05:00Z,143,120,3309
565255,2019-06-19T16:35:00Z,117,113,2602
567495,2019-06-19T17:05:00Z,139,147,3313
566122,2019-06-19T19:37:00Z,110,133,10
566315,2019-06-19T19:40:00Z,158,135,2680
566409,2019-06-19T22:40:00Z,118,136,680
566212,2019-06-19T23:05:00Z,116,134,31
566900,2019-06-19T23:07:00Z,108,141,14
567207,2019-06-19T23:20:00Z,121,144,4705
566801,2019-06-20T00:05:00Z,114,140,13
565160,2019-06-20T00:05:00Z,145,112,17
566998,2019-06-20T00:10:00Z,111,142,3312
566603,2019-06-20T00:15:00Z,146,138,2889
564864,2019-06-20T01:40:00Z,115,109,15
565837,2019-06-20T02:10:00Z,137,119,22
566802,2019-06-20T18:05:00Z,114,140,13
564865,2019-06-20T19:40:00Z,115,109,15
565932,2019-06-20T23:05:00Z,143,120,3309
567496,2019-06-20T23:05:00Z,117,147,3313
566901,2019-06-20T23:07:00Z,108,141,14
566604,2019-06-20T23:15:00Z,146,138,2889
565161,2019-06-21T00:05:00Z,121,112,17
567587,2019-06-21T00:10:00Z,113,158,32
565739,2019-06-21T00:15:00Z,142,118,7
566123,2019-06-21T02:07:00Z,139,133,10
566410,2019-06-21T02:10:00Z,110,136,680
565838,2019-06-21T02:10:00Z,137,119,22
565162,2019-06-21T18:20:00Z,121,112,17
567096,2019-06-21T23:05:00Z,146,143,2681
565933,2019-06-21T23:05:00Z,144,120,3309
566213,2019-06-21T23:05:00Z,135,134,31
567497,2019-06-21T23:05:00Z,117,147,3313
565061,2019-06-21T23:10:00Z,141,111,3
565353,2019-06-21T23:10:00Z,116,114,5
566803,2019-06-22T00:05:00Z,145,140,13
567588,2019-06-22T00:10:00Z,113,158,32
565740,2019-06-22T00:15:00Z,142,118,7
566605,2019-06-22T00:15:00Z,108,138,2889
564866,2019-06-22T01:40:00Z,137,109,15
566124,2019-06-22T02:07:00Z,139,133,10
566411,2019-06-22T02:10:00Z,110,136,680
565839,2019-06-22T02:10:00Z,115,119,22
565741,2019-06-22T18:15:00Z,142,118,7
566606,2019-06-22T18:15:00Z,108,138,2889
565163,2019-06-22T18:20:00Z,121,112,17
567097,2019-06-22T20:05:00Z,146,143,2681
565062,2019-06-22T20:05:00Z,141,111,3
566214,2019-06-22T20:05:00Z,135,134,31
566125,2019-06-22T20:07:00Z,139,133,10
566412,2019-06-22T20:10:00Z,110,136,680
565354,2019-06-22T20:10:00Z,116,114,5
567589,2019-06-22T20:10:00Z,113,158,32
565934,2019-06-22T23:15:00Z,144,120,3309
567498,2019-06-22T23:15:00Z,117,147,3313
565840,2019-06-22T23:15:00Z,115,119,22
566804,2019-06-23T01:05:00Z,145,140,13
564867,2019-06-23T02:10:00Z,137,109,15
567098,2019-06-23T17:05:00Z,146,143,2681
565063,2019-06-23T17:05:00Z,141,111,3
565355,2019-06-23T17:10:00Z,116,114,5
565935,2019-06-23T17:35:00Z,144,120,3309
566215,2019-06-23T17:35:00Z,135,134,31
567499,2019-06-23T18:05:00Z,117,147,3313
567590,2019-06-23T18:10:00Z,113,158,32
565742,2019-06-23T18:15:00Z,142,118,7
565164,2019-06-23T18:20:00Z,121,112,17
566805,2019-06-23T19:05:00Z,145,140,13
566126,2019-06-23T20:07:00Z,139,133,10
564868,2019-06-23T20:10:00Z,137,109,15
566413,2019-06-23T20:10:00Z,110,136,680
565841,2019-06-23T20:10:00Z,115,119,22
566607,2019-06-23T23:05:00Z,108,138,2889
567099,2019-06-24T23:05:00Z,121,143,2681
567500,2019-06-24T23:05:00Z,141,147,3313
565064,2019-06-24T23:10:00Z,145,111,3
565356,2019-06-24T23:10:00Z,118,114,5
565165,2019-06-25T00:05:00Z,144,112,17
564869,2019-06-25T01:40:00Z,119,109,15
566507,2019-06-25T02:05:00Z,115,137,2395
567100,2019-06-25T23:05:00Z,121,143,2681
567501,2019-06-25T23:05:00Z,141,147,3313
564968,2019-06-25T23:05:00Z,135,110,2
565065,2019-06-25T23:10:00Z,145,111,3
567397,2019-06-25T23:10:00Z,120,146,4169
565547,2019-06-25T23:10:00Z,140,116,2394
565357,2019-06-25T23:10:00Z,118,114,5
565166,2019-06-26T00:05:00Z,144,112,17
566999,2019-06-26T00:10:00Z,139,142,3312
565644,2019-06-26T00:10:00Z,134,117,2392
567591,2019-06-26T00:10:00Z,136,158,32
566608,2019-06-26T00:15:00Z,133,138,2889
564870,2019-06-26T01:40:00Z,119,109,15
566508,2019-06-26T01:45:00Z,115,137,2395
564771,2019-06-26T02:07:00Z,113,108,1
565066,2019-06-26T17:05:00Z,145,111,3
567502,2019-06-26T17:05:00Z,141,147,3313
565358,2019-06-26T17:10:00Z,118,114,5
564969,2019-06-26T19:05:00Z,135,110,2
564871,2019-06-26T19:40:00Z,119,109,15
566509,2019-06-26T19:45:00Z,115,137,2395
567101,2019-06-26T23:05:00Z,121,143,2681
567398,2019-06-26T23:10:00Z,120,146,4169
565548,2019-06-26T23:10:00Z,140,116,2394
566609,2019-06-26T23:15:00Z,133,138,2889
565167,2019-06-27T00:05:00Z,144,112,17
564772,2019-06-27T00:07:00Z,113,108,1
567000,2019-06-27T00:10:00Z,139,142,3312
565645,2019-06-27T00:10:00Z,134,117,2392
567592,2019-06-27T00:10:00Z,136,158,32
567102,2019-06-27T17:05:00Z,121,143,2681
565549,2019-06-27T17:10:00Z,140,116,2394
567001,2019-06-27T17:10:00Z,139,142,3312
565646,2019-06-27T18:10:00Z,134,117,2392
567593,2019-06-27T18:10:00Z,136,158,32
565168,2019-06-27T18:20:00Z,144,112,17
567399,2019-06-27T23:10:00Z,120,146,4169
565452,2019-06-28T00:40:00Z,119,115,19
566512,2019-06-28T01:45:00Z,109,137,2395
564773,2019-06-28T02:07:00Z,133,108,1
564970,2019-06-28T23:05:00Z,114,110,2
566902,2019-06-28T23:07:00Z,118,141,14
565256,2019-06-28T23:10:00Z,112,113,2602
567400,2019-06-28T23:10:00Z,143,146,4169
566702,2019-06-28T23:10:00Z,140,139,12
565550,2019-06-28T23:10:00Z,120,116,2394
566025,2019-06-28T23:10:00Z,144,121,3289
565647,2019-06-29T00:10:00Z,136,117,2392
567301,2019-06-29T00:10:00Z,142,145,4
567594,2019-06-29T00:10:00Z,134,158,32
565453,2019-06-29T00:40:00Z,119,115,19
564774,2019-06-29T02:07:00Z,133,108,1
566316,2019-06-29T02:10:00Z,138,135,2680
566510,2019-06-29T02:15:00Z,109,137,2395
565067,2019-06-29T17:10:00Z,147,111,5381
564971,2019-06-29T20:05:00Z,114,110,2
566903,2019-06-29T20:07:00Z,118,141,14
565257,2019-06-29T20:10:00Z,112,113,2602
567401,2019-06-29T20:10:00Z,143,146,4169
566703,2019-06-29T20:10:00Z,140,139,12
565551,2019-06-29T20:10:00Z,120,116,2394
566026,2019-06-29T20:10:00Z,144,121,3289
567302,2019-06-29T20:12:00Z,142,145,4
565454,2019-06-30T00:15:00Z,119,115,19
565648,2019-06-30T00:15:00Z,136,117,2392
567595,2019-06-30T00:15:00Z,134,158,32
566511,2019-06-30T02:05:00Z,109,137,2395
564775,2019-06-30T02:07:00Z,133,108,1
566317,2019-06-30T02:10:00Z,138,135,2680
565068,2019-06-30T14:10:00Z,147,111,5381
564972,2019-06-30T17:05:00Z,114,110,2
566904,2019-06-30T17:07:00Z,118,141,14
565258,2019-06-30T17:10:00Z,112,113,2602
567402,2019-06-30T17:10:00Z,143,146,4169
566704,2019-06-30T17:10:00Z,140,139,12
565552,2019-06-30T17:10:00Z,120,116,2394
565649,2019-06-30T18:10:00Z,136,117,2392
567303,2019-06-30T18:10:00Z,142,145,4
567596,2019-06-30T18:10:00Z,134,158,32
565455,2019-06-30T19:10:00Z,119,115,19
566513,2019-06-30T20:05:00Z,109,137,2395
564776,2019-06-30T20:07:00Z,133,108,1
566318,2019-06-30T20:10:00Z,138,135,2680
566027,2019-06-30T23:05:00Z,144,121,3289
566905,2019-07-01T17:07:00Z,118,141,14
566216,2019-07-01T23:05:00Z,112,134,31
565259,2019-07-01T23:10:00Z,158,113,2602
566705,2019-07-01T23:10:00Z,110,139,12
566806,2019-07-02T00:05:00Z,108,140,13
566319,2019-07-02T02:10:00Z,137,135,2680
565936,2019-07-02T23:05:00Z,146,120,3309
566217,2019-07-02T23:05:00Z,112,134,31
566906,2019-07-02T23:07:00Z,111,141,14
565260,2019-07-02T23:10:00Z,158,113,2602
566706,2019-07-02T23:10:00Z,110,139,12
566028,2019-07-02T23:10:00Z,147,121,3289
567208,2019-07-02T23:20:00Z,143,144,4705
566807,2019-07-03T00:05:00Z,108,140,13
565456,2019-07-03T00:10:00Z,117,115,19
567304,2019-07-03T00:10:00Z,116,145,4
565743,2019-07-03T00:15:00Z,114,118,7
566127,2019-07-03T02:07:00Z,142,133,10
566414,2019-07-03T02:10:00Z,138,136,680
566320,2019-07-03T02:10:00Z,137,135,2680
565842,2019-07-03T02:10:00Z,109,119,22
567273,2019-07-03T18:10:00Z,116,145,4
567305,2019-07-04T00:10:00Z,116,145,4
565937,2019-07-03T22:05:00Z,146,120,3309
566218,2019-07-03T23:05:00Z,112,134,31
566907,2019-07-03T23:07:00Z,111,141,14
565261,2019-07-03T23:10:00Z,158,113,2602
566707,2019-07-03T23:10:00Z,110,139,12
566029,2019-07-03T23:10:00Z,147,121,3289
567209,2019-07-03T23:20:00Z,143,144,4705
566808,2019-07-04T00:05:00Z,108,140,13
565457,2019-07-04T00:10:00Z,117,115,19
565744,2019-07-04T00:15:00Z,114,118,7
566128,2019-07-04T01:07:00Z,142,133,10
566321,2019-07-04T01:10:00Z,137,135,2680
566415,2019-07-04T02:10:00Z,138,136,680
565843,2019-07-04T02:10:00Z,109,119,22
565938,2019-07-04T15:05:00Z,146,120,3309
565745,2019-07-04T17:15:00Z,114,118,7
565262,2019-07-04T18:10:00Z,158,113,2602
567306,2019-07-04T18:10:00Z,116,145,4
566219,2019-07-04T20:05:00Z,112,134,31
566129,2019-07-04T20:07:00Z,142,133,10
566416,2019-07-04T20:10:00Z,138,136,680
566708,2019-07-04T21:10:00Z,147,139,12
566908,2019-07-04T23:07:00Z,111,141,14
567210,2019-07-04T23:20:00Z,143,144,4705
566809,2019-07-05T00:05:00Z,108,140,13
565844,2019-07-05T01:10:00Z,135,119,22
565939,2019-07-05T23:05:00Z,118,120,3309
566220,2019-07-05T23:05:00Z,158,134,31
566909,2019-07-05T23:07:00Z,110,141,14
566709,2019-07-05T23:10:00Z,147,139,12
565553,2019-07-05T23:10:00Z,111,116,2394
566030,2019-07-05T23:10:00Z,143,121,3289
567211,2019-07-05T23:20:00Z,146,144,4705
565650,2019-07-06T00:10:00Z,108,117,2392
567002,2019-07-06T00:10:00Z,140,142,3312
564872,2019-07-06T01:10:00Z,115,109,15
566417,2019-07-06T02:10:00Z,133,136,680
565845,2019-07-06T02:10:00Z,135,119,22
566514,2019-07-06T02:15:00Z,138,137,2395
567003,2019-07-06T18:10:00Z,140,142,3312
566910,2019-07-06T19:07:00Z,110,141,14
565940,2019-07-06T20:05:00Z,118,120,3309
566221,2019-07-06T20:05:00Z,158,134,31
565263,2019-07-06T20:10:00Z,114,113,2602
566710,2019-07-06T20:10:00Z,147,139,12
567212,2019-07-06T20:10:00Z,146,144,4705
565554,2019-07-06T20:10:00Z,111,116,2394
565651,2019-07-06T23:15:00Z,108,117,2392
566031,2019-07-06T23:15:00Z,143,121,3289
567307,2019-07-06T23:15:00Z,112,145,4
566515,2019-07-07T02:05:00Z,138,137,2395
564873,2019-07-07T02:10:00Z,115,109,15
566418,2019-07-07T02:10:00Z,133,136,680
565846,2019-07-07T02:10:00Z,135,119,22
566911,2019-07-07T17:07:00Z,110,141,14
565264,2019-07-07T17:10:00Z,114,113,2602
566711,2019-07-07T17:10:00Z,147,139,12
565555,2019-07-07T17:10:00Z,111,116,2394
566032,2019-07-07T17:10:00Z,143,121,3289
567213,2019-07-07T17:20:00Z,146,144,4705
565941,2019-07-07T17:35:00Z,118,120,3309
566222,2019-07-07T17:35:00Z,158,134,31
565652,2019-07-07T18:10:00Z,108,117,2392
567004,2019-07-07T18:10:00Z,140,142,3312
567308,2019-07-07T18:10:00Z,112,145,4
566516,2019-07-07T20:05:00Z,138,137,2395
564874,2019-07-07T20:10:00Z,115,109,15
566419,2019-07-07T20:10:00Z,133,136,680
565847,2019-07-07T20:10:00Z,135,119,22
567633,2019-07-09T23:30:00Z,160,159,5
566810,2019-07-12T00:05:00Z,117,140,13
565169,2019-07-12T18:20:00Z,134,112,17
567103,2019-07-12T22:05:00Z,120,143,2681
567503,2019-07-12T23:05:00Z,141,147,3313
564973,2019-07-12T23:05:00Z,139,110,2
565069,2019-07-12T23:10:00Z,119,111,3
567403,2019-07-12T23:10:00Z,121,146,4169
565359,2019-07-12T23:10:00Z,142,114,5
566811,2019-07-13T00:05:00Z,117,140,13
567597,2019-07-13T00:10:00Z,137,158,32
566610,2019-07-13T00:15:00Z,109,138,2889
565746,2019-07-13T00:15:00Z,116,118,7
565458,2019-07-13T00:40:00Z,113,115,19
566130,2019-07-13T02:07:00Z,145,133,10
564777,2019-07-13T02:07:00Z,136,108,1
566322,2019-07-13T02:10:00Z,144,135,2680
564945,2019-07-13T17:05:00Z,139,110,2
564974,2019-07-13T23:05:00Z,139,110,2
567504,2019-07-13T17:05:00Z,141,147,3313
565170,2019-07-13T18:20:00Z,134,112,17
566131,2019-07-13T20:07:00Z,145,133,10
567404,2019-07-13T22:10:00Z,121,146,4169
565360,2019-07-13T23:10:00Z,142,114,5
566611,2019-07-13T23:15:00Z,109,138,2889
567104,2019-07-13T23:15:00Z,120,143,2681
565070,2019-07-13T23:15:00Z,119,111,3
565747,2019-07-13T23:15:00Z,116,118,7
567598,2019-07-13T23:15:00Z,137,158,32
566812,2019-07-14T00:05:00Z,117,140,13
565459,2019-07-14T00:10:00Z,113,115,19
566323,2019-07-14T00:40:00Z,144,135,2680
564778,2019-07-14T01:07:00Z,136,108,1
567105,2019-07-14T17:05:00Z,120,143,2681
567505,2019-07-14T17:05:00Z,141,147,3313
564975,2019-07-14T17:05:00Z,139,110,2
567405,2019-07-14T17:10:00Z,121,146,4169
565361,2019-07-14T17:10:00Z,142,114,5
567599,2019-07-14T18:10:00Z,137,158,32
566612,2019-07-14T18:15:00Z,109,138,2889
565748,2019-07-14T18:15:00Z,116,118,7
565171,2019-07-14T18:20:00Z,134,112,17
566813,2019-07-14T19:05:00Z,117,140,13
565460,2019-07-14T19:10:00Z,113,115,19
566132,2019-07-14T20:07:00Z,145,133,10
564779,2019-07-14T20:07:00Z,136,108,1
566324,2019-07-14T20:10:00Z,144,135,2680
565071,2019-07-14T23:05:00Z,119,111,3
565430,2019-07-15T18:10:00Z,137,115,19
565461,2019-07-16T00:40:00Z,137,115,19
567106,2019-07-15T23:05:00Z,119,143,2681
567506,2019-07-15T23:05:00Z,139,147,3313
565072,2019-07-15T23:10:00Z,141,111,3
565362,2019-07-15T23:10:00Z,116,114,5
565172,2019-07-16T00:05:00Z,113,112,17
567600,2019-07-16T00:10:00Z,144,158,32
566613,2019-07-16T00:15:00Z,134,138,2889
565749,2019-07-16T00:15:00Z,145,118,7
564780,2019-07-16T02:07:00Z,117,108,1
567107,2019-07-16T23:05:00Z,119,143,2681
567507,2019-07-16T23:05:00Z,139,147,3313
564976,2019-07-16T23:05:00Z,120,110,2
565073,2019-07-16T23:10:00Z,141,111,3
567406,2019-07-16T23:10:00Z,135,146,4169
565363,2019-07-16T23:10:00Z,116,114,5
565173,2019-07-17T00:05:00Z,113,112,17
566814,2019-07-17T00:05:00Z,109,140,13
567005,2019-07-17T00:10:00Z,121,142,3312
567601,2019-07-17T00:10:00Z,144,158,32
566614,2019-07-17T00:15:00Z,134,138,2889
565750,2019-07-17T00:15:00Z,145,118,7
565462,2019-07-17T00:40:00Z,137,115,19
566133,2019-07-17T02:07:00Z,136,133,10
564781,2019-07-17T02:07:00Z,117,108,1
567006,2019-07-17T17:10:00Z,121,142,3312
566615,2019-07-17T17:15:00Z,134,138,2889
567602,2019-07-17T18:10:00Z,144,158,32
565174,2019-07-17T18:20:00Z,113,112,17
565463,2019-07-17T19:10:00Z,137,115,19
566134,2019-07-17T19:37:00Z,136,133,10
567108,2019-07-17T23:05:00Z,119,143,2681
567508,2019-07-17T23:05:00Z,139,147,3313
564977,2019-07-17T23:05:00Z,120,110,2
565074,2019-07-17T23:10:00Z,141,111,3
567407,2019-07-17T23:10:00Z,135,146,4169
565364,2019-07-17T23:10:00Z,116,114,5
566815,2019-07-18T00:05:00Z,109,140,13
565751,2019-07-18T00:15:00Z,145,118,7
564782,2019-07-18T02:07:00Z,117,108,1
567408,2019-07-18T16:10:00Z,135,146,4169
567109,2019-07-18T16:35:00Z,119,143,2681
565075,2019-07-18T17:05:00Z,141,111,3
565752,2019-07-18T17:15:00Z,145,118,7
567509,2019-07-18T23:05:00Z,139,147,3313
565265,2019-07-18T23:10:00Z,138,113,2602
565365,2019-07-18T23:10:00Z,116,114,5
567214,2019-07-18T23:20:00Z,120,144,4705
567007,2019-07-19T00:10:00Z,133,142,3312
564783,2019-07-19T01:07:00Z,117,108,1
564875,2019-07-19T01:40:00Z,158,109,15
566517,2019-07-19T01:45:00Z,121,137,2395
565175,2019-07-19T18:20:00Z,135,112,17
566223,2019-07-19T23:05:00Z,143,134,31
567510,2019-07-19T23:05:00Z,115,147,3313
564978,2019-07-19T23:05:00Z,111,110,2
565266,2019-07-19T23:10:00Z,138,113,2602
566712,2019-07-19T23:10:00Z,145,139,12
565556,2019-07-19T23:10:00Z,141,116,2394
565366,2019-07-19T23:10:00Z,118,114,5
567215,2019-07-19T23:20:00Z,120,144,4705
565653,2019-07-20T00:10:00Z,140,117,2392
567008,2019-07-20T00:10:00Z,133,142,3312
564876,2019-07-20T01:40:00Z,158,109,15
566420,2019-07-20T02:10:00Z,108,136,680
565848,2019-07-20T02:10:00Z,146,119,22
566518,2019-07-20T02:15:00Z,121,137,2395
567511,2019-07-20T17:05:00Z,115,147,3313
565176,2019-07-20T18:20:00Z,135,112,17
566519,2019-07-20T20:05:00Z,121,137,2395
566713,2019-07-20T22:10:00Z,145,139,12
565557,2019-07-20T22:10:00Z,141,116,2394
566224,2019-07-20T23:05:00Z,143,134,31
564979,2019-07-20T23:05:00Z,111,110,2
565654,2019-07-20T23:10:00Z,140,117,2392
565267,2019-07-20T23:10:00Z,138,113,2602
567009,2019-07-20T23:10:00Z,133,142,3312
565367,2019-07-20T23:10:00Z,118,114,5
567216,2019-07-20T23:20:00Z,120,144,4705
564877,2019-07-21T00:10:00Z,158,109,15
566421,2019-07-21T01:10:00Z,108,136,680
565849,2019-07-21T01:10:00Z,146,119,22
567512,2019-07-21T17:05:00Z,115,147,3313
564980,2019-07-21T17:05:00Z,111,110,2
565268,2019-07-21T17:10:00Z,138,113,2602
566714,2019-07-21T17:10:00Z,145,139,12
565558,2019-07-21T17:10:00Z,141,116,2394
565368,2019-07-21T17:10:00Z,118,114,5
566225,2019-07-21T17:35:00Z,143,134,31
565655,2019-07-21T18:10:00Z,140,117,2392
567010,2019-07-21T18:10:00Z,133,142,3312
565177,2019-07-21T18:20:00Z,135,112,17
566520,2019-07-21T20:05:00Z,121,137,2395
564878,2019-07-21T20:10:00Z,158,109,15
566422,2019-07-21T20:10:00Z,108,136,680
565850,2019-07-21T20:10:00Z,146,119,22
567217,2019-07-21T23:05:00Z,120,144,4705
565942,2019-07-22T23:05:00Z,115,120,3309
566226,2019-07-22T23:05:00Z,138,134,31
566912,2019-07-22T23:07:00Z,114,141,14
566715,2019-07-22T23:10:00Z,111,139,12
565656,2019-07-23T00:10:00Z,133,117,2392
567011,2019-07-23T00:10:00Z,147,142,3312
567309,2019-07-23T00:10:00Z,146,145,4
567603,2019-07-23T00:10:00Z,113,158,32
564879,2019-07-23T01:40:00Z,110,109,15
566521,2019-07-23T01:45:00Z,112,137,2395
566423,2019-07-23T02:10:00Z,140,136,680
565943,2019-07-23T23:05:00Z,115,120,3309
566227,2019-07-23T23:05:00Z,138,134,31
566913,2019-07-23T23:07:00Z,114,141,14
566716,2019-07-23T23:10:00Z,111,139,12
565559,2019-07-23T23:10:00Z,143,116,2394
566033,2019-07-23T23:10:00Z,135,121,3289
567218,2019-07-23T23:20:00Z,118,144,4705
565657,2019-07-24T00:10:00Z,133,117,2392
567604,2019-07-24T00:10:00Z,113,158,32
567012,2019-07-24T00:10:00Z,147,142,3312
567310,2019-07-24T00:10:00Z,146,145,4
564880,2019-07-24T01:40:00Z,110,109,15
566522,2019-07-24T01:45:00Z,112,137,2395
566424,2019-07-24T02:10:00Z,140,136,680
565851,2019-07-24T02:10:00Z,108,119,22
566717,2019-07-24T16:10:00Z,111,139,12
565560,2019-07-24T17:10:00Z,143,116,2394
565658,2019-07-24T18:10:00Z,133,117,2392
567605,2019-07-24T18:10:00Z,113,158,32
564881,2019-07-24T19:40:00Z,110,109,15
566425,2019-07-24T19:40:00Z,140,136,680
566523,2019-07-24T19:45:00Z,112,137,2395
565944,2019-07-24T23:05:00Z,115,120,3309
566228,2019-07-24T23:05:00Z,138,134,31
566914,2019-07-24T23:07:00Z,114,141,14
566034,2019-07-24T23:10:00Z,135,121,3289
567219,2019-07-24T23:20:00Z,118,144,4705
567013,2019-07-25T00:10:00Z,147,142,3312
567311,2019-07-25T00:10:00Z,146,145,4
565852,2019-07-25T02:10:00Z,108,119,22
566035,2019-07-25T16:10:00Z,135,121,3289
566229,2019-07-25T16:35:00Z,138,134,31
565945,2019-07-25T20:05:00Z,115,120,3309
565076,2019-07-25T23:10:00Z,147,111,3
567312,2019-07-26T00:10:00Z,142,145,4
565753,2019-07-26T00:15:00Z,114,118,7
566135,2019-07-26T02:07:00Z,140,133,10
564784,2019-07-26T02:07:00Z,110,108,1
566426,2019-07-26T02:10:00Z,116,136,680
565269,2019-07-26T22:40:00Z,115,113,2602
567110,2019-07-26T23:05:00Z,144,143,2681
565946,2019-07-26T23:05:00Z,119,120,3309
566915,2019-07-26T23:07:00Z,139,141,14
567409,2019-07-26T23:10:00Z,109,146,4169
565077,2019-07-26T23:10:00Z,147,111,3
566036,2019-07-26T23:10:00Z,134,121,3289
567606,2019-07-27T00:10:00Z,112,158,32
567313,2019-07-27T00:10:00Z,142,145,4
566616,2019-07-27T00:15:00Z,117,138,2889
565754,2019-07-27T00:15:00Z,114,118,7
566136,2019-07-27T02:07:00Z,140,133,10
564785,2019-07-27T02:07:00Z,110,108,1
566427,2019-07-27T02:10:00Z,116,136,680
566325,2019-07-27T02:10:00Z,137,135,2680
566916,2019-07-27T19:07:00Z,139,141,14
565078,2019-07-27T20:05:00Z,147,111,3
565947,2019-07-27T20:05:00Z,119,120,3309
566428,2019-07-27T20:10:00Z,116,136,680
567410,2019-07-27T22:10:00Z,109,146,4169
567111,2019-07-27T23:05:00Z,144,143,2681
567607,2019-07-27T23:10:00Z,112,158,32
565270,2019-07-27T23:10:00Z,115,113,2602
566037,2019-07-27T23:10:00Z,134,121,3289
567314,2019-07-27T23:10:00Z,142,145,4
566617,2019-07-27T23:15:00Z,117,138,2889
565755,2019-07-27T23:15:00Z,114,118,7
566326,2019-07-28T00:40:00Z,137,135,2680
566137,2019-07-28T01:07:00Z,140,133,10
564786,2019-07-28T01:07:00Z,110,108,1
567112,2019-07-28T17:05:00Z,144,143,2681
566917,2019-07-28T17:07:00Z,139,141,14
567411,2019-07-28T17:10:00Z,109,146,4169
565271,2019-07-28T17:10:00Z,115,113,2602
566038,2019-07-28T17:10:00Z,134,121,3289
565948,2019-07-28T17:35:00Z,119,120,3309
567608,2019-07-28T18:10:00Z,112,158,32
567315,2019-07-28T18:10:00Z,142,145,4
566618,2019-07-28T18:15:00Z,117,138,2889
565756,2019-07-28T18:15:00Z,114,118,7
566138,2019-07-28T20:07:00Z,140,133,10
564787,2019-07-28T20:07:00Z,110,108,1
566429,2019-07-28T20:10:00Z,116,136,680
566327,2019-07-28T20:10:00Z,137,135,2680
565079,2019-07-28T23:05:00Z,147,111,3
565949,2019-07-29T23:05:00Z,144,120,3309
567412,2019-07-29T23:10:00Z,109,146,4169
565272,2019-07-29T23:10:00Z,134,113,2602
565757,2019-07-30T00:15:00Z,141,118,7
565464,2019-07-30T00:40:00Z,119,115,19
564788,2019-07-30T02:07:00Z,116,108,1
566328,2019-07-30T02:10:00Z,110,135,2680
566329,2019-07-30T19:40:00Z,110,135,2680
567113,2019-07-30T23:05:00Z,137,143,2681
565950,2019-07-30T23:05:00Z,144,120,3309
567513,2019-07-30T23:05:00Z,109,147,3313
567413,2019-07-30T23:10:00Z,142,146,4169
565080,2019-07-30T23:10:00Z,139,111,3
565273,2019-07-30T23:10:00Z,134,113,2602
565369,2019-07-30T23:10:00Z,117,114,5
566816,2019-07-31T00:05:00Z,136,140,13
567316,2019-07-31T00:10:00Z,121,145,4
566619,2019-07-31T00:15:00Z,112,138,2889
565758,2019-07-31T00:15:00Z,141,118,7
565465,2019-07-31T00:40:00Z,119,115,19
566139,2019-07-31T02:07:00Z,158,133,10
564789,2019-07-31T02:07:00Z,116,108,1
565951,2019-07-31T16:05:00Z,144,120,3309
565274,2019-07-31T16:35:00Z,134,113,2602
567514,2019-07-31T17:05:00Z,109,147,3313
565759,2019-07-31T17:15:00Z,141,118,7
565466,2019-07-31T19:10:00Z,119,115,19
564790,2019-07-31T20:07:00Z,116,108,1
567114,2019-07-31T23:05:00Z,137,143,2681
567414,2019-07-31T23:10:00Z,142,146,4169
565081,2019-07-31T23:10:00Z,139,111,3
565370,2019-07-31T23:10:00Z,117,114,5
566817,2019-08-01T00:05:00Z,136,140,13
567317,2019-08-01T00:10:00Z,121,145,4
566620,2019-08-01T00:15:00Z,112,138,2889
566140,2019-08-01T02:07:00Z,158,133,10
567415,2019-08-01T16:10:00Z,142,146,4169
567115,2019-08-01T17:05:00Z,137,143,2681
567318,2019-08-01T18:10:00Z,121,145,4
566141,2019-08-01T19:37:00Z,158,133,10
564981,2019-08-01T23:05:00Z,141,110,2
565082,2019-08-01T23:10:00Z,139,111,3
565371,2019-08-01T23:10:00Z,117,114,5
566621,2019-08-01T23:15:00Z,112,138,2889
567220,2019-08-01T23:20:00Z,113,144,4705
565853,2019-08-02T02:10:00Z,135,119,22
565178,2019-08-02T18:20:00Z,158,112,17
567116,2019-08-02T23:05:00Z,145,143,2681
566230,2019-08-02T23:05:00Z,121,134,31
567515,2019-08-02T23:05:00Z,111,147,3313
564982,2019-08-02T23:05:00Z,141,110,2
565372,2019-08-02T23:10:00Z,108,114,5
567221,2019-08-02T23:20:00Z,113,144,4705
566818,2019-08-03T00:05:00Z,116,140,13
565659,2019-08-03T00:10:00Z,136,117,2392
567014,2019-08-03T00:10:00Z,118,142,3312
565467,2019-08-03T00:40:00Z,137,115,19
564882,2019-08-03T01:40:00Z,120,109,15
565854,2019-08-03T02:10:00Z,135,119,22
567516,2019-08-03T17:05:00Z,111,147,3313
567487,2019-08-03T23:05:00Z,111,147,3313
565179,2019-08-03T18:20:00Z,158,112,17
566718,2019-08-03T22:10:00Z,146,139,12
567117,2019-08-03T23:05:00Z,145,143,2681
566231,2019-08-03T23:05:00Z,121,134,31
564983,2019-08-03T23:05:00Z,141,110,2
565660,2019-08-03T23:10:00Z,136,117,2392
567015,2019-08-03T23:10:00Z,118,142,3312
565373,2019-08-03T23:10:00Z,108,114,5
567222,2019-08-03T23:20:00Z,113,144,4705
566824,2019-08-04T00:05:00Z,116,140,13
564883,2019-08-04T00:10:00Z,120,109,15
565468,2019-08-04T00:10:00Z,137,115,19
566142,2019-08-04T01:07:00Z,138,133,10
565855,2019-08-04T01:10:00Z,135,119,22
567118,2019-08-04T17:05:00Z,145,143,2681
564984,2019-08-04T17:05:00Z,141,110,2
566719,2019-08-04T17:10:00Z,146,139,12
565374,2019-08-04T17:10:00Z,108,114,5
567223,2019-08-04T17:20:00Z,113,144,4705
566232,2019-08-04T17:35:00Z,121,134,31
565661,2019-08-04T18:10:00Z,136,117,2392
567016,2019-08-04T18:10:00Z,118,142,3312
565180,2019-08-04T18:20:00Z,158,112,17
566825,2019-08-04T19:05:00Z,116,140,13
565469,2019-08-04T19:10:00Z,137,115,19
566143,2019-08-04T20:07:00Z,138,133,10
564884,2019-08-04T20:10:00Z,120,109,15
565856,2019-08-04T20:10:00Z,135,119,22
567517,2019-08-04T23:05:00Z,111,147,3313
566039,2019-08-05T20:10:00Z,146,121,3289
566007,2019-08-05T03:33:00Z,146,121,3289
566233,2019-08-05T23:05:00Z,158,134,31
564985,2019-08-05T23:05:00Z,147,110,2
565083,2019-08-05T23:10:00Z,118,111,3
565275,2019-08-05T23:10:00Z,108,113,2602
566720,2019-08-05T23:10:00Z,141,139,12
565561,2019-08-05T23:10:00Z,145,116,2394
565375,2019-08-05T23:10:00Z,140,114,5
565181,2019-08-06T00:05:00Z,133,112,17
567017,2019-08-06T00:10:00Z,144,142,3312
564885,2019-08-06T01:40:00Z,143,109,15
566524,2019-08-06T01:45:00Z,120,137,2395
565857,2019-08-06T02:10:00Z,138,119,22
565520,2019-08-06T17:10:00Z,145,116,2394
565562,2019-08-06T23:10:00Z,145,116,2394
566234,2019-08-06T23:05:00Z,158,134,31
564986,2019-08-06T23:05:00Z,147,110,2
565084,2019-08-06T23:10:00Z,118,111,3
565276,2019-08-06T23:10:00Z,108,113,2602
566721,2019-08-06T23:10:00Z,141,139,12
566040,2019-08-06T23:10:00Z,146,121,3289
565376,2019-08-06T23:10:00Z,140,114,5
565182,2019-08-07T00:05:00Z,133,112,17
565662,2019-08-07T00:10:00Z,115,117,2392
567018,2019-08-07T00:10:00Z,144,142,3312
564886,2019-08-07T01:40:00Z,143,109,15
566525,2019-08-07T01:45:00Z,120,137,2395
566430,2019-08-07T02:10:00Z,135,136,680
565858,2019-08-07T02:10:00Z,138,119,22
566041,2019-08-07T16:10:00Z,146,121,3289
566722,2019-08-07T17:10:00Z,141,139,12
565563,2019-08-07T17:10:00Z,145,116,2394
567019,2019-08-07T17:10:00Z,144,142,3312
565377,2019-08-07T17:10:00Z,140,114,5
565663,2019-08-07T18:10:00Z,115,117,2392
565183,2019-08-07T18:20:00Z,133,112,17
565859,2019-08-07T19:10:00Z,138,119,22
566526,2019-08-07T19:45:00Z,120,137,2395
566431,2019-08-07T22:40:00Z,135,136,680
566235,2019-08-07T23:05:00Z,158,134,31
564987,2019-08-07T23:05:00Z,147,110,2
565085,2019-08-07T23:10:00Z,118,111,3
564887,2019-08-08T01:40:00Z,143,109,15
566918,2019-08-08T23:07:00Z,147,141,14
567416,2019-08-08T23:10:00Z,144,146,4169
565086,2019-08-08T23:10:00Z,108,111,3
565277,2019-08-08T23:10:00Z,112,113,2602
565564,2019-08-08T23:10:00Z,118,116,2394
567020,2019-08-09T00:10:00Z,114,142,3312
566527,2019-08-09T01:45:00Z,143,137,2395
566330,2019-08-09T02:10:00Z,115,135,2680
567319,2019-08-09T19:10:00Z,133,145,4
564988,2019-08-09T23:05:00Z,117,110,2
566919,2019-08-09T23:07:00Z,147,141,14
567417,2019-08-09T23:10:00Z,144,146,4169
565087,2019-08-09T23:10:00Z,108,111,3
565278,2019-08-09T23:10:00Z,112,113,2602
565565,2019-08-09T23:10:00Z,118,116,2394
566042,2019-08-09T23:10:00Z,120,121,3289
567609,2019-08-10T00:10:00Z,140,158,32
567021,2019-08-10T00:10:00Z,114,142,3312
566622,2019-08-10T00:15:00Z,134,138,2889
566432,2019-08-10T02:10:00Z,139,136,680
565860,2019-08-10T02:10:00Z,109,119,22
566331,2019-08-10T02:10:00Z,115,135,2680
566528,2019-08-10T02:15:00Z,143,137,2395
566920,2019-08-10T19:07:00Z,147,141,14
565088,2019-08-10T20:05:00Z,108,111,3
566529,2019-08-10T20:05:00Z,143,137,2395
567418,2019-08-10T22:10:00Z,144,146,4169
565566,2019-08-10T22:10:00Z,118,116,2394
564989,2019-08-10T23:05:00Z,117,110,2
567610,2019-08-10T23:10:00Z,140,158,32
565279,2019-08-10T23:10:00Z,112,113,2602
566043,2019-08-10T23:10:00Z,120,121,3289
567022,2019-08-10T23:10:00Z,114,142,3312
567320,2019-08-10T23:10:00Z,133,145,4
566623,2019-08-10T23:15:00Z,134,138,2889
566332,2019-08-11T00:40:00Z,115,135,2680
565861,2019-08-11T01:10:00Z,109,119,22
566433,2019-08-11T02:10:00Z,139,136,680
565089,2019-08-11T17:05:00Z,108,111,3
564990,2019-08-11T17:05:00Z,117,110,2
566921,2019-08-11T17:07:00Z,147,141,14
567419,2019-08-11T17:10:00Z,144,146,4169
565280,2019-08-11T17:10:00Z,112,113,2602
565567,2019-08-11T17:10:00Z,118,116,2394
566044,2019-08-11T17:10:00Z,120,121,3289
567611,2019-08-11T18:10:00Z,140,158,32
567023,2019-08-11T18:10:00Z,114,142,3312
567321,2019-08-11T18:10:00Z,133,145,4
566624,2019-08-11T18:15:00Z,134,138,2889
566333,2019-08-11T19:40:00Z,115,135,2680
566530,2019-08-11T20:05:00Z,143,137,2395
566434,2019-08-11T20:10:00Z,139,136,680
565862,2019-08-11T20:10:00Z,109,119,22
567479,2019-08-12T17:05:00Z,110,147,3313
567518,2019-08-12T23:05:00Z,110,147,3313
565952,2019-08-12T23:05:00Z,113,120,3309
566922,2019-08-12T23:07:00Z,140,141,14
565378,2019-08-12T23:10:00Z,111,114,5
567322,2019-08-13T00:10:00Z,117,145,4
565470,2019-08-13T00:40:00Z,109,115,19
564791,2019-08-13T02:07:00Z,134,108,1
566334,2019-08-13T02:10:00Z,139,135,2680
567119,2019-08-13T23:05:00Z,112,143,2681
565953,2019-08-13T23:05:00Z,113,120,3309
567519,2019-08-13T23:05:00Z,110,147,3313
566923,2019-08-13T23:07:00Z,140,141,14
567420,2019-08-13T23:10:00Z,119,146,4169
565568,2019-08-13T23:10:00Z,136,116,2394
565379,2019-08-13T23:10:00Z,111,114,5
567224,2019-08-13T23:20:00Z,121,144,4705
567612,2019-08-14T00:10:00Z,142,158,32
567323,2019-08-14T00:10:00Z,117,145,4
565760,2019-08-14T00:15:00Z,138,118,7
565471,2019-08-14T00:40:00Z,109,115,19
566531,2019-08-14T01:45:00Z,133,137,2395
564792,2019-08-14T02:07:00Z,134,108,1
566335,2019-08-14T02:10:00Z,139,135,2680
566924,2019-08-14T16:37:00Z,140,141,14
567520,2019-08-14T17:05:00Z,110,147,3313
565380,2019-08-14T17:10:00Z,111,114,5
567613,2019-08-14T18:10:00Z,142,158,32
567324,2019-08-14T18:10:00Z,117,145,4
565472,2019-08-14T19:10:00Z,109,115,19
566336,2019-08-14T19:40:00Z,139,135,2680
566532,2019-08-14T19:45:00Z,133,137,2395
565954,2019-08-14T20:05:00Z,113,120,3309
567120,2019-08-14T23:05:00Z,112,143,2681
567421,2019-08-14T23:10:00Z,119,146,4169
565569,2019-08-14T23:10:00Z,136,116,2394
567225,2019-08-14T23:20:00Z,121,144,4705
564793,2019-08-15T00:07:00Z,134,108,1
565761,2019-08-15T00:15:00Z,138,118,7
565570,2019-08-15T17:10:00Z,136,116,2394
567422,2019-08-15T19:05:00Z,119,146,4169
567121,2019-08-15T23:05:00Z,112,143,2681
567521,2019-08-15T23:05:00Z,114,147,3313
565281,2019-08-15T23:10:00Z,138,113,2602
567226,2019-08-15T23:20:00Z,121,144,4705
566826,2019-08-16T00:05:00Z,142,140,13
564888,2019-08-16T01:40:00Z,137,109,15
566144,2019-08-16T02:07:00Z,117,133,10
564794,2019-08-16T02:07:00Z,145,108,1
567122,2019-08-16T23:05:00Z,135,143,2681
565955,2019-08-16T23:05:00Z,158,120,3309
566236,2019-08-16T23:05:00Z,112,134,31
567522,2019-08-16T23:05:00Z,114,147,3313
566925,2019-08-16T23:07:00Z,136,141,14
565090,2019-08-16T23:10:00Z,110,111,3
565282,2019-08-16T23:10:00Z,138,113,2602
566723,2019-08-16T23:10:00Z,116,139,12
567227,2019-08-16T23:20:00Z,119,144,4705
566827,2019-08-17T00:05:00Z,142,140,13
565762,2019-08-17T00:15:00Z,121,118,7
565473,2019-08-17T00:40:00Z,146,115,19
564889,2019-08-17T01:40:00Z,137,109,15
566145,2019-08-17T02:07:00Z,117,133,10
564795,2019-08-17T02:07:00Z,145,108,1
567523,2019-08-17T17:05:00Z,114,147,3313
566237,2019-08-17T17:35:00Z,112,134,31
566926,2019-08-17T19:07:00Z,136,141,14
566146,2019-08-17T20:05:00Z,117,133,10
566724,2019-08-17T22:10:00Z,116,139,12
565283,2019-08-17T22:40:00Z,138,113,2602
567123,2019-08-17T23:05:00Z,135,143,2681
565956,2019-08-17T23:05:00Z,158,120,3309
565091,2019-08-17T23:10:00Z,110,111,3
565763,2019-08-17T23:15:00Z,121,118,7
567228,2019-08-17T23:20:00Z,119,144,4705
566828,2019-08-18T00:05:00Z,142,140,13
564890,2019-08-18T00:10:00Z,137,109,15
565474,2019-08-18T00:10:00Z,146,115,19
564796,2019-08-18T01:07:00Z,145,108,1
567124,2019-08-18T17:05:00Z,135,143,2681
565092,2019-08-18T17:05:00Z,110,111,3
567524,2019-08-18T17:05:00Z,114,147,3313
566927,2019-08-18T17:07:00Z,136,141,14
565284,2019-08-18T17:10:00Z,138,113,2602
566725,2019-08-18T17:10:00Z,116,139,12
567229,2019-08-18T17:20:00Z,119,144,4705
565957,2019-08-18T17:35:00Z,158,120,3309
565764,2019-08-18T18:15:00Z,121,118,7
566829,2019-08-18T19:05:00Z,142,140,13
565475,2019-08-18T19:10:00Z,146,115,19
566147,2019-08-18T20:07:00Z,117,133,10
564797,2019-08-18T20:07:00Z,145,108,1
564891,2019-08-18T20:10:00Z,137,109,15
566238,2019-08-18T23:10:00Z,112,134,2735
566239,2019-08-19T23:05:00Z,120,134,31
564991,2019-08-19T23:05:00Z,118,110,2
565285,2019-08-19T23:10:00Z,135,113,2602
566726,2019-08-19T23:10:00Z,136,139,12
566625,2019-08-19T23:45:00Z,158,138,2889
566830,2019-08-20T00:05:00Z,108,140,13
565664,2019-08-20T00:10:00Z,116,117,2392
567024,2019-08-20T00:10:00Z,145,142,3312
564892,2019-08-20T01:40:00Z,115,109,15
566240,2019-08-20T23:05:00Z,120,134,31
564992,2019-08-20T23:05:00Z,118,110,2
565093,2019-08-20T23:10:00Z,143,111,3
565286,2019-08-20T23:10:00Z,135,113,2602
566727,2019-08-20T23:10:00Z,136,139,12
566045,2019-08-20T23:10:00Z,114,121,3289
567230,2019-08-20T23:20:00Z,146,144,4705
566626,2019-08-20T23:45:00Z,158,138,2889
565184,2019-08-21T00:05:00Z,137,112,17
566831,2019-08-21T00:05:00Z,108,140,13
565665,2019-08-21T00:10:00Z,116,117,2392
567025,2019-08-21T00:10:00Z,145,142,3312
564893,2019-08-21T01:40:00Z,115,109,15
566148,2019-08-21T02:07:00Z,147,133,10
565863,2019-08-21T02:10:00Z,141,119,22
565287,2019-08-21T16:35:00Z,135,113,2602
566728,2019-08-21T17:10:00Z,136,139,12
567026,2019-08-21T17:10:00Z,145,142,3312
564894,2019-08-21T19:40:00Z,115,109,15
566241,2019-08-21T23:05:00Z,120,134,31
564993,2019-08-21T23:05:00Z,118,110,2
566832,2019-08-21T23:05:00Z,108,140,13
565094,2019-08-21T23:10:00Z,143,111,3
566046,2019-08-21T23:10:00Z,114,121,3289
567231,2019-08-21T23:20:00Z,146,144,4705
566627,2019-08-21T23:45:00Z,158,138,2889
565185,2019-08-22T00:05:00Z,137,112,17
565666,2019-08-22T00:10:00Z,116,117,2392
566149,2019-08-22T02:07:00Z,147,133,10
565864,2019-08-22T02:10:00Z,141,119,22
565186,2019-08-22T18:20:00Z,137,112,17
566242,2019-08-22T23:05:00Z,120,134,31
564994,2019-08-22T23:05:00Z,139,110,2
566047,2019-08-22T23:10:00Z,114,121,3289
567232,2019-08-22T23:20:00Z,146,144,4705
566628,2019-08-22T23:45:00Z,115,138,2889
565667,2019-08-23T00:10:00Z,116,117,2392
567325,2019-08-23T00:10:00Z,140,145,4
566150,2019-08-23T01:37:00Z,147,133,10
565865,2019-08-23T02:10:00Z,141,119,22
565187,2019-08-23T18:20:00Z,120,112,17
564995,2019-08-23T23:05:00Z,139,110,2
566243,2019-08-23T23:05:00Z,113,134,31
567423,2019-08-23T23:10:00Z,143,146,4169
566048,2019-08-23T23:10:00Z,144,121,3289
565381,2019-08-23T23:10:00Z,118,114,5
565668,2019-08-24T00:10:00Z,108,117,2392
567614,2019-08-24T00:10:00Z,109,158,32
567027,2019-08-24T00:10:00Z,116,142,3312
567326,2019-08-24T00:10:00Z,140,145,4
566629,2019-08-24T00:15:00Z,115,138,2889
565866,2019-08-24T02:10:00Z,147,119,22
566435,2019-08-24T02:10:00Z,141,136,680
566337,2019-08-24T02:10:00Z,111,135,2680
565188,2019-08-24T18:20:00Z,120,112,17
565867,2019-08-24T20:05:00Z,147,119,22
567424,2019-08-24T22:10:00Z,143,146,4169
564996,2019-08-24T23:05:00Z,139,110,2
566244,2019-08-24T23:05:00Z,113,134,31
565669,2019-08-24T23:10:00Z,108,117,2392
567615,2019-08-24T23:10:00Z,109,158,32
566049,2019-08-24T23:10:00Z,144,121,3289
567028,2019-08-24T23:10:00Z,116,142,3312
565382,2019-08-24T23:10:00Z,118,114,5
567327,2019-08-24T23:10:00Z,140,145,4
566630,2019-08-24T23:15:00Z,115,138,2889
566338,2019-08-25T00:40:00Z,111,135,2680
566151,2019-08-25T01:07:00Z,137,133,10
566436,2019-08-25T01:10:00Z,141,136,680
564997,2019-08-25T17:05:00Z,139,110,2
567425,2019-08-25T17:10:00Z,143,146,4169
566050,2019-08-25T17:10:00Z,144,121,3289
565383,2019-08-25T17:10:00Z,118,114,5
566245,2019-08-25T17:35:00Z,113,134,31
565670,2019-08-25T18:10:00Z,108,117,2392
567616,2019-08-25T18:10:00Z,109,158,32
567029,2019-08-25T18:10:00Z,116,142,3312
567328,2019-08-25T18:10:00Z,140,145,4
566631,2019-08-25T18:15:00Z,115,138,2889
565189,2019-08-25T18:20:00Z,120,112,17
566152,2019-08-25T20:07:00Z,137,133,10
566437,2019-08-25T20:10:00Z,141,136,680
566339,2019-08-25T20:10:00Z,111,135,2680
565868,2019-08-25T23:05:00Z,147,119,22
565418,2019-08-26T19:10:00Z,144,115,19
567125,2019-08-26T23:05:00Z,134,143,2681
567426,2019-08-26T23:10:00Z,113,146,4169
567617,2019-08-26T23:40:00Z,138,158,32
565765,2019-08-27T00:15:00Z,133,118,7
566533,2019-08-27T01:45:00Z,109,137,2395
566438,2019-08-27T02:10:00Z,147,136,680
566340,2019-08-27T02:10:00Z,119,135,2680
567126,2019-08-27T23:05:00Z,134,143,2681
565958,2019-08-27T23:05:00Z,110,120,3309
566928,2019-08-27T23:07:00Z,144,141,14
567427,2019-08-27T23:10:00Z,113,146,4169
565571,2019-08-27T23:10:00Z,114,116,2394
566051,2019-08-27T23:10:00Z,112,121,3289
567618,2019-08-27T23:40:00Z,138,158,32
565671,2019-08-28T00:10:00Z,139,117,2392
567329,2019-08-28T00:10:00Z,142,145,4
565766,2019-08-28T00:15:00Z,133,118,7
565476,2019-08-28T00:40:00Z,111,115,19
566534,2019-08-28T01:45:00Z,109,137,2395
564798,2019-08-28T02:07:00Z,140,108,1
566439,2019-08-28T02:10:00Z,147,136,680
566341,2019-08-28T02:10:00Z,119,135,2680
567619,2019-08-28T18:10:00Z,138,158,32
566440,2019-08-28T20:10:00Z,147,136,680
567127,2019-08-28T22:05:00Z,134,143,2681
565959,2019-08-28T23:05:00Z,110,120,3309
566929,2019-08-28T23:07:00Z,144,141,14
567428,2019-08-28T23:10:00Z,113,146,4169
565572,2019-08-28T23:10:00Z,114,116,2394
566052,2019-08-28T23:10:00Z,112,121,3289
565672,2019-08-29T00:10:00Z,139,117,2392
567330,2019-08-29T00:10:00Z,142,145,4
565767,2019-08-29T00:15:00Z,133,118,7
565477,2019-08-29T00:40:00Z,111,115,19
566342,2019-08-29T01:10:00Z,119,135,2680
564799,2019-08-29T02:07:00Z,140,108,1
565573,2019-08-29T17:10:00Z,114,116,2394
565768,2019-08-29T17:15:00Z,133,118,7
565673,2019-08-29T18:10:00Z,139,117,2392
567331,2019-08-29T18:10:00Z,142,145,4
567429,2019-08-29T23:10:00Z,113,146,4169
566053,2019-08-29T23:10:00Z,112,121,3289
566833,2019-08-30T00:05:00Z,136,140,13
565478,2019-08-30T00:40:00Z,134,115,19
564895,2019-08-30T01:40:00Z,119,109,15
566535,2019-08-30T01:45:00Z,135,137,2395
565190,2019-08-30T18:20:00Z,158,112,17
567128,2019-08-30T23:05:00Z,121,143,2681
565960,2019-08-30T23:05:00Z,146,120,3309
567525,2019-08-30T23:05:00Z,133,147,3313
566930,2019-08-30T23:07:00Z,117,141,14
566729,2019-08-30T23:10:00Z,114,139,12
565574,2019-08-30T23:10:00Z,142,116,2394
567233,2019-08-30T23:20:00Z,145,144,4705
566834,2019-08-31T00:05:00Z,136,140,13
566632,2019-08-31T00:15:00Z,113,138,2889
565769,2019-08-31T00:15:00Z,110,118,7
565479,2019-08-31T00:40:00Z,134,115,19
564896,2019-08-31T01:40:00Z,119,109,15
564800,2019-08-31T02:07:00Z,111,108,1
566536,2019-08-31T02:15:00Z,135,137,2395
566599,2019-08-31T17:15:00Z,113,138,2889
566633,2019-08-31T23:15:00Z,113,138,2889
567526,2019-08-31T17:05:00Z,133,147,3313
565191,2019-08-31T18:20:00Z,158,112,17
566931,2019-08-31T19:07:00Z,117,141,14
567129,2019-08-31T20:05:00Z,121,143,2681
566730,2019-08-31T22:10:00Z,114,139,12
565575,2019-08-31T22:10:00Z,142,116,2394
565961,2019-08-31T23:05:00Z,146,120,3309
565770,2019-08-31T23:15:00Z,110,118,7
567234,2019-08-31T23:20:00Z,145,144,4705
566835,2019-09-01T00:05:00Z,136,140,13
564897,2019-09-01T00:10:00Z,119,109,15
565480,2019-09-01T00:10:00Z,134,115,19
566537,2019-09-01T01:05:00Z,135,137,2395
564801,2019-09-01T01:07:00Z,111,108,1
567527,2019-09-01T17:05:00Z,133,147,3313
566932,2019-09-01T17:07:00Z,117,141,14
566731,2019-09-01T17:10:00Z,114,139,12
565576,2019-09-01T17:10:00Z,142,116,2394
565962,2019-09-01T17:35:00Z,146,120,3309
566634,2019-09-01T18:15:00Z,113,138,2889
565771,2019-09-01T18:15:00Z,110,118,7
565192,2019-09-01T18:20:00Z,158,112,17
566836,2019-09-01T19:05:00Z,136,140,13
565481,2019-09-01T19:10:00Z,134,115,19
566538,2019-09-01T20:05:00Z,135,137,2395
564802,2019-09-01T20:07:00Z,111,108,1
564898,2019-09-01T20:10:00Z,119,109,15
567235,2019-09-01T21:10:00Z,145,144,4705
567130,2019-09-01T23:05:00Z,121,143,2681
565963,2019-09-02T17:05:00Z,121,120,3309
567528,2019-09-02T17:05:00Z,140,147,3313
566732,2019-09-02T17:10:00Z,110,139,12
565577,2019-09-02T17:10:00Z,142,116,2394
567236,2019-09-02T17:20:00Z,141,144,4705
565288,2019-09-02T18:10:00Z,143,113,2602
566635,2019-09-02T18:15:00Z,137,138,2889
565193,2019-09-02T18:20:00Z,136,112,17
567620,2019-09-02T20:10:00Z,117,158,32
564899,2019-09-02T20:10:00Z,135,109,15
565384,2019-09-02T23:10:00Z,145,114,5
565869,2019-09-03T00:10:00Z,115,119,22
567529,2019-09-03T22:35:00Z,140,147,3313
565289,2019-09-03T22:40:00Z,143,113,2602
565964,2019-09-03T23:05:00Z,121,120,3309
566246,2019-09-03T23:05:00Z,146,134,31
565095,2019-09-03T23:10:00Z,142,111,3
566733,2019-09-03T23:10:00Z,110,139,12
565385,2019-09-03T23:10:00Z,145,114,5
567237,2019-09-03T23:20:00Z,141,144,4705
567621,2019-09-03T23:40:00Z,117,158,32
566636,2019-09-03T23:45:00Z,137,138,2889
565194,2019-09-04T00:05:00Z,136,112,17
565772,2019-09-04T00:15:00Z,116,118,7
564900,2019-09-04T01:40:00Z,135,109,15
566153,2019-09-04T02:07:00Z,108,133,10
565870,2019-09-04T02:10:00Z,115,119,22
565965,2019-09-04T17:05:00Z,121,120,3309
566734,2019-09-04T17:10:00Z,110,139,12
567530,2019-09-04T22:35:00Z,140,147,3313
565290,2019-09-04T22:40:00Z,143,113,2602
566247,2019-09-04T23:05:00Z,146,134,31
565096,2019-09-04T23:10:00Z,142,111,3
565386,2019-09-04T23:10:00Z,145,114,5
566637,2019-09-04T23:45:00Z,137,138,2889
565773,2019-09-05T00:15:00Z,116,118,7
564901,2019-09-05T01:40:00Z,135,109,15
566154,2019-09-05T02:07:00Z,108,133,10
565871,2019-09-05T02:10:00Z,115,119,22
565291,2019-09-05T16:35:00Z,143,113,2602
565387,2019-09-05T17:10:00Z,145,114,5
566638,2019-09-05T17:15:00Z,137,138,2889
565774,2019-09-05T17:15:00Z,116,118,7
566155,2019-09-05T19:37:00Z,108,133,10
564998,2019-09-05T23:05:00Z,140,110,2
566248,2019-09-05T23:05:00Z,146,134,31
567622,2019-09-05T23:10:00Z,112,158,32
565097,2019-09-05T23:10:00Z,142,111,3
566735,2019-09-05T23:10:00Z,141,139,12
567238,2019-09-05T23:20:00Z,120,144,4705
565674,2019-09-06T00:10:00Z,136,117,2392
564999,2019-09-06T23:05:00Z,140,110,2
566249,2019-09-06T23:05:00Z,138,134,31
567430,2019-09-06T23:10:00Z,118,146,4169
565098,2019-09-06T23:10:00Z,147,111,3
565292,2019-09-06T23:10:00Z,109,113,2602
566736,2019-09-06T23:10:00Z,141,139,12
566054,2019-09-06T23:10:00Z,143,121,3289
567239,2019-09-06T23:20:00Z,120,144,4705
565675,2019-09-07T00:10:00Z,136,117,2392
567623,2019-09-07T00:10:00Z,112,158,32
567030,2019-09-07T00:10:00Z,114,142,3312
567332,2019-09-07T00:10:00Z,108,145,4
565534,2019-09-07T00:15:00Z,133,116,10
566156,2019-09-07T02:07:00Z,116,133,10
565872,2019-09-07T02:10:00Z,137,119,22
566343,2019-09-07T02:10:00Z,115,135,2680
565099,2019-09-07T20:05:00Z,147,111,3
565293,2019-09-07T20:10:00Z,109,113,2602
567431,2019-09-07T22:10:00Z,118,146,4169
566737,2019-09-07T22:10:00Z,141,139,12
565000,2019-09-07T23:05:00Z,140,110,2
566250,2019-09-07T23:05:00Z,138,134,31
565676,2019-09-07T23:10:00Z,136,117,2392
567624,2019-09-07T23:10:00Z,112,158,32
566055,2019-09-07T23:10:00Z,143,121,3289
567031,2019-09-07T23:10:00Z,114,142,3312
567333,2019-09-07T23:10:00Z,108,145,4
567240,2019-09-07T23:20:00Z,120,144,4705
566344,2019-09-08T00:40:00Z,115,135,2680
566157,2019-09-08T01:07:00Z,116,133,10
565873,2019-09-08T01:10:00Z,137,119,22
565001,2019-09-08T17:05:00Z,140,110,2
567432,2019-09-08T17:10:00Z,118,146,4169
565294,2019-09-08T17:10:00Z,109,113,2602
566738,2019-09-08T17:10:00Z,141,139,12
566056,2019-09-08T17:10:00Z,143,121,3289
567241,2019-09-08T17:20:00Z,120,144,4705
566251,2019-09-08T17:35:00Z,138,134,31
565677,2019-09-08T18:10:00Z,136,117,2392
567625,2019-09-08T18:10:00Z,112,158,32
567032,2019-09-08T18:10:00Z,114,142,3312
567334,2019-09-08T18:10:00Z,108,145,4
566158,2019-09-08T20:07:00Z,116,133,10
565874,2019-09-08T20:10:00Z,137,119,22
566345,2019-09-08T20:10:00Z,115,135,2680
565100,2019-09-09T00:05:00Z,147,111,3
567131,2019-09-09T23:05:00Z,144,143,2681
567433,2019-09-09T23:10:00Z,158,146,4169
565101,2019-09-09T23:10:00Z,147,111,3
566057,2019-09-09T23:10:00Z,109,121,3289
565678,2019-09-10T00:10:00Z,133,117,2392
566539,2019-09-10T01:45:00Z,134,137,2395
564803,2019-09-10T02:07:00Z,114,108,1
566346,2019-09-10T02:10:00Z,112,135,2680
565578,2019-09-10T22:40:00Z,147,116,2394
565002,2019-09-10T23:05:00Z,119,110,2
567132,2019-09-10T23:05:00Z,144,143,2681
566933,2019-09-10T23:07:00Z,111,141,14
567434,2019-09-10T23:10:00Z,158,146,4169
566058,2019-09-10T23:10:00Z,109,121,3289
567033,2019-09-10T23:40:00Z,120,142,3312
566837,2019-09-11T00:05:00Z,139,140,13
565679,2019-09-11T00:10:00Z,133,117,2392
567335,2019-09-11T00:10:00Z,118,145,4
565482,2019-09-11T00:40:00Z,138,115,19
566540,2019-09-11T01:45:00Z,134,137,2395
564804,2019-09-11T02:07:00Z,114,108,1
566441,2019-09-11T02:10:00Z,113,136,680
566347,2019-09-11T02:10:00Z,112,135,2680
565579,2019-09-11T22:40:00Z,147,116,2394
565003,2019-09-11T23:05:00Z,119,110,2
567133,2019-09-11T23:05:00Z,144,143,2681
566934,2019-09-11T23:07:00Z,111,141,14
567435,2019-09-11T23:10:00Z,158,146,4169
566059,2019-09-11T23:10:00Z,109,121,3289
567034,2019-09-11T23:40:00Z,120,142,3312
566838,2019-09-12T00:05:00Z,139,140,13
564805,2019-09-12T00:07:00Z,114,108,1
565680,2019-09-12T00:10:00Z,133,117,2392
567336,2019-09-12T00:10:00Z,118,145,4
565483,2019-09-12T00:40:00Z,138,115,19
566541,2019-09-12T01:45:00Z,134,137,2395
566442,2019-09-12T02:10:00Z,113,136,680
566348,2019-09-12T02:10:00Z,112,135,2680
567436,2019-09-12T17:10:00Z,158,146,4169
565580,2019-09-12T17:10:00Z,147,116,2394
566060,2019-09-12T17:10:00Z,109,121,3289
567337,2019-09-12T18:10:00Z,118,145,4
565484,2019-09-12T19:10:00Z,138,115,19
566349,2019-09-12T19:40:00Z,112,135,2680
566542,2019-09-12T19:45:00Z,134,137,2395
565004,2019-09-12T23:05:00Z,119,110,2
567134,2019-09-12T23:05:00Z,144,143,2681
566935,2019-09-12T23:07:00Z,111,141,14
567035,2019-09-12T23:40:00Z,120,142,3312
566839,2019-09-13T00:05:00Z,139,140,13
565681,2019-09-13T00:10:00Z,133,117,2392
566443,2019-09-13T02:10:00Z,113,136,680
565195,2019-09-13T20:05:00Z,134,112,17
565966,2019-09-13T23:05:00Z,144,120,3309
566936,2019-09-13T23:07:00Z,147,141,14
565581,2019-09-13T23:10:00Z,110,116,2394
566061,2019-09-13T23:10:00Z,119,121,3289
565388,2019-09-13T23:10:00Z,142,114,5
566840,2019-09-14T00:05:00Z,133,140,13
566639,2019-09-14T00:15:00Z,158,138,2889
565775,2019-09-14T00:15:00Z,117,118,7
565485,2019-09-14T00:40:00Z,135,115,19
564902,2019-09-14T01:40:00Z,113,109,15
564806,2019-09-14T02:07:00Z,139,108,1
566444,2019-09-14T02:10:00Z,145,136,680
566543,2019-09-14T02:15:00Z,146,137,2395
565196,2019-09-14T18:20:00Z,134,112,17
566937,2019-09-14T19:07:00Z,147,141,14
565967,2019-09-14T20:05:00Z,144,120,3309
565582,2019-09-14T22:10:00Z,110,116,2394
567135,2019-09-14T23:05:00Z,111,143,2681
566062,2019-09-14T23:10:00Z,119,121,3289
565389,2019-09-14T23:10:00Z,142,114,5
566640,2019-09-14T23:15:00Z,158,138,2889
565776,2019-09-14T23:15:00Z,117,118,7
566841,2019-09-15T00:05:00Z,133,140,13
564903,2019-09-15T00:10:00Z,113,109,15
565486,2019-09-15T00:10:00Z,135,115,19
566544,2019-09-15T01:05:00Z,146,137,2395
564807,2019-09-15T01:07:00Z,139,108,1
566445,2019-09-15T01:10:00Z,145,136,680
567136,2019-09-15T17:05:00Z,111,143,2681
566938,2019-09-15T17:07:00Z,147,141,14
565583,2019-09-15T17:10:00Z,110,116,2394
566063,2019-09-15T17:10:00Z,119,121,3289
565390,2019-09-15T17:10:00Z,142,114,5
565968,2019-09-15T17:35:00Z,144,120,3309
566641,2019-09-15T18:15:00Z,158,138,2889
565777,2019-09-15T18:15:00Z,117,118,7
565197,2019-09-15T18:20:00Z,134,112,17
566842,2019-09-15T19:05:00Z,133,140,13
565487,2019-09-15T19:10:00Z,135,115,19
566545,2019-09-15T20:05:00Z,146,137,2395
564808,2019-09-15T20:07:00Z,139,108,1
564904,2019-09-15T20:10:00Z,113,109,15
566446,2019-09-15T20:10:00Z,145,136,680
565584,2019-09-16T20:10:00Z,110,116,2394
567626,2019-09-16T23:40:00Z,135,158,32
567036,2019-09-16T23:40:00Z,145,142,3312
566642,2019-09-16T23:45:00Z,120,138,2889
565198,2019-09-17T00:05:00Z,113,112,17
565488,2019-09-17T00:40:00Z,121,115,19
564905,2019-09-17T01:40:00Z,146,109,15
566159,2019-09-17T02:07:00Z,118,133,10
567531,2019-09-17T22:35:00Z,108,147,3313
565005,2019-09-17T23:05:00Z,141,110,2
566252,2019-09-17T23:05:00Z,136,134,31
565102,2019-09-17T23:10:00Z,137,111,3
565391,2019-09-17T23:10:00Z,116,114,5
567242,2019-09-17T23:20:00Z,143,144,4705
567627,2019-09-17T23:40:00Z,135,158,32
567037,2019-09-17T23:40:00Z,145,142,3312
566643,2019-09-17T23:45:00Z,120,138,2889
565199,2019-09-18T00:05:00Z,113,112,17
565682,2019-09-18T00:10:00Z,140,117,2392
565489,2019-09-18T00:40:00Z,121,115,19
564906,2019-09-18T01:40:00Z,146,109,15
566160,2019-09-18T02:07:00Z,118,133,10
565875,2019-09-18T02:10:00Z,139,119,22
566644,2019-09-18T17:15:00Z,120,138,2889
565490,2019-09-18T19:10:00Z,121,115,19
566161,2019-09-18T19:37:00Z,118,133,10
564907,2019-09-18T19:40:00Z,146,109,15
567532,2019-09-18T22:35:00Z,108,147,3313
565006,2019-09-18T23:05:00Z,141,110,2
566253,2019-09-18T23:05:00Z,136,134,31
565103,2019-09-18T23:10:00Z,137,111,3
565392,2019-09-18T23:10:00Z,116,114,5
567243,2019-09-18T23:20:00Z,143,144,4705
567628,2019-09-18T23:40:00Z,135,158,32
567038,2019-09-18T23:40:00Z,145,142,3312
565200,2019-09-19T00:05:00Z,113,112,17
565683,2019-09-19T00:10:00Z,140,117,2392
565876,2019-09-19T00:10:00Z,139,119,22
567244,2019-09-19T16:10:00Z,143,144,4705
566254,2019-09-19T16:35:00Z,136,134,31
565104,2019-09-19T17:05:00Z,137,111,3
567629,2019-09-19T20:10:00Z,135,158,32
567533,2019-09-19T22:35:00Z,108,147,3313
565007,2019-09-19T23:05:00Z,141,110,2
565393,2019-09-19T23:10:00Z,116,114,5
567039,2019-09-19T23:40:00Z,118,142,3312
565201,2019-09-20T00:05:00Z,138,112,17
565202,2019-09-20T18:20:00Z,138,112,17
565008,2019-09-20T23:05:00Z,136,110,2
567534,2019-09-20T23:05:00Z,141,147,3313
565295,2019-09-20T23:10:00Z,121,113,2602
567437,2019-09-20T23:10:00Z,120,146,4169
566739,2019-09-20T23:10:00Z,111,139,12
565585,2019-09-20T23:10:00Z,145,116,2394
565394,2019-09-20T23:10:00Z,143,114,5
567245,2019-09-20T23:20:00Z,137,144,4705
567630,2019-09-21T00:10:00Z,134,158,32
565684,2019-09-21T00:10:00Z,108,117,2392
567040,2019-09-21T00:10:00Z,118,142,3312
566162,2019-09-21T02:07:00Z,140,133,10
565877,2019-09-21T02:10:00Z,115,119,22
566350,2019-09-21T02:10:00Z,109,135,2680
567535,2019-09-21T17:05:00Z,141,147,3313
565203,2019-09-21T18:20:00Z,138,112,17
565296,2019-09-21T20:10:00Z,121,113,2602
567438,2019-09-21T22:10:00Z,120,146,4169
566740,2019-09-21T22:10:00Z,111,139,12
565586,2019-09-21T22:10:00Z,145,116,2394
565009,2019-09-21T23:05:00Z,136,110,2
567631,2019-09-21T23:10:00Z,134,158,32
565685,2019-09-21T23:10:00Z,108,117,2392
567041,2019-09-21T23:10:00Z,118,142,3312
565395,2019-09-21T23:10:00Z,143,114,5
567246,2019-09-21T23:20:00Z,137,144,4705
566351,2019-09-22T00:40:00Z,109,135,2680
566163,2019-09-22T01:07:00Z,140,133,10
565878,2019-09-22T01:10:00Z,115,119,22
565010,2019-09-22T17:05:00Z,136,110,2
567536,2019-09-22T17:05:00Z,141,147,3313
565297,2019-09-22T17:10:00Z,121,113,2602
567439,2019-09-22T17:10:00Z,120,146,4169
566741,2019-09-22T17:10:00Z,111,139,12
565587,2019-09-22T17:10:00Z,145,116,2394
565396,2019-09-22T17:10:00Z,143,114,5
567247,2019-09-22T17:20:00Z,137,144,4705
567632,2019-09-22T18:10:00Z,134,158,32
565686,2019-09-22T18:10:00Z,108,117,2392
567042,2019-09-22T18:10:00Z,118,142,3312
565204,2019-09-22T18:20:00Z,138,112,17
566164,2019-09-22T20:07:00Z,140,133,10
565879,2019-09-22T20:10:00Z,115,119,22
566352,2019-09-22T20:10:00Z,109,135,2680
565969,2019-09-23T23:05:00Z,143,120,3309
566939,2019-09-23T23:07:00Z,110,141,14
566742,2019-09-23T23:10:00Z,111,139,12
566064,2019-09-23T23:10:00Z,146,121,3289
564908,2019-09-24T01:40:00Z,138,109,15
565930,2019-09-24T17:05:00Z,143,120,3309
565970,2019-09-24T23:05:00Z,143,120,3309
565298,2019-09-24T22:40:00Z,158,113,2602
565588,2019-09-24T22:40:00Z,142,116,2394
566255,2019-09-24T23:05:00Z,112,134,31
566940,2019-09-24T23:07:00Z,110,141,14
566743,2019-09-24T23:10:00Z,147,139,12
566065,2019-09-24T23:10:00Z,146,121,3289
566843,2019-09-25T00:05:00Z,111,140,13
567338,2019-09-25T00:10:00Z,114,145,4
565778,2019-09-25T00:15:00Z,144,118,7
564909,2019-09-25T01:40:00Z,138,109,15
566546,2019-09-25T01:45:00Z,115,137,2395
564809,2019-09-25T02:07:00Z,133,108,1
566447,2019-09-25T02:10:00Z,117,136,680
566353,2019-09-25T02:10:00Z,119,135,2680
564910,2019-09-25T19:40:00Z,138,109,15
565299,2019-09-25T22:40:00Z,158,113,2602
565589,2019-09-25T22:40:00Z,142,116,2394
565971,2019-09-25T23:05:00Z,143,120,3309
566256,2019-09-25T23:05:00Z,112,134,31
566941,2019-09-25T23:07:00Z,110,141,14
566744,2019-09-25T23:10:00Z,147,139,12
566066,2019-09-25T23:10:00Z,146,121,3289
566844,2019-09-26T00:05:00Z,111,140,13
567339,2019-09-26T00:10:00Z,114,145,4
565779,2019-09-26T00:15:00Z,144,118,7
566547,2019-09-26T01:45:00Z,115,137,2395
564810,2019-09-26T02:07:00Z,133,108,1
566448,2019-09-26T02:10:00Z,117,136,680
566354,2019-09-26T02:10:00Z,119,135,2680
565300,2019-09-26T16:35:00Z,158,113,2602
565590,2019-09-26T17:10:00Z,142,116,2394
566845,2019-09-26T18:05:00Z,111,140,13
566355,2019-09-26T19:40:00Z,119,135,2680
566548,2019-09-26T19:45:00Z,115,137,2395
565972,2019-09-26T20:05:00Z,143,120,3309
566257,2019-09-26T23:05:00Z,112,134,31
566067,2019-09-26T23:10:00Z,146,121,3289
567340,2019-09-27T00:10:00Z,114,145,4
564811,2019-09-27T02:07:00Z,117,108,1
566449,2019-09-27T02:10:00Z,133,136,680
567341,2019-09-27T20:40:00Z,116,145,4
567304,2019-09-27T03:33:00Z,116,145,4
567137,2019-09-27T23:05:00Z,146,143,2681
565973,2019-09-27T23:05:00Z,114,120,3309
566258,2019-09-27T23:05:00Z,113,134,31
566942,2019-09-27T23:07:00Z,139,141,14
565105,2019-09-27T23:10:00Z,110,111,3
566068,2019-09-27T23:10:00Z,144,121,3289
566846,2019-09-28T00:05:00Z,147,140,13
565491,2019-09-28T00:10:00Z,158,115,19
566645,2019-09-28T00:15:00Z,112,138,2889
565780,2019-09-28T00:15:00Z,142,118,7
564911,2019-09-28T01:40:00Z,135,109,15
564812,2019-09-28T02:07:00Z,117,108,1
566450,2019-09-28T02:10:00Z,133,136,680
566549,2019-09-28T02:15:00Z,119,137,2395
565106,2019-09-28T17:05:00Z,110,111,3
566943,2019-09-28T19:07:00Z,139,141,14
565974,2019-09-28T20:05:00Z,114,120,3309
566550,2019-09-28T20:05:00Z,119,137,2395
567138,2019-09-28T22:05:00Z,146,143,2681
566259,2019-09-28T23:05:00Z,113,134,31
566069,2019-09-28T23:10:00Z,144,121,3289
567342,2019-09-28T23:10:00Z,116,145,4
566646,2019-09-28T23:15:00Z,112,138,2889
565781,2019-09-28T23:15:00Z,142,118,7
566847,2019-09-29T00:05:00Z,147,140,13
564912,2019-09-29T00:10:00Z,135,109,15
565492,2019-09-29T00:10:00Z,158,115,19
564813,2019-09-29T01:07:00Z,117,108,1
566451,2019-09-29T01:10:00Z,133,136,680
567139,2019-09-29T19:05:00Z,146,143,2681
565107,2019-09-29T19:05:00Z,110,111,3
565975,2019-09-29T19:05:00Z,114,120,3309
566260,2019-09-29T19:05:00Z,113,134,31
566551,2019-09-29T19:05:00Z,119,137,2395
566848,2019-09-29T19:05:00Z,147,140,13
566944,2019-09-29T19:07:00Z,139,141,14
564814,2019-09-29T19:07:00Z,117,108,1
564913,2019-09-29T19:10:00Z,135,109,15
565493,2019-09-29T19:10:00Z,158,115,19
566452,2019-09-29T19:10:00Z,133,136,680
566070,2019-09-29T19:10:00Z,144,121,3289
567343,2019-09-29T19:10:00Z,116,145,4
566647,2019-09-29T19:15:00Z,112,138,2889
565782,2019-09-29T19:15:00Z,142,118,7
